Time,Value,Value_2ND, ,DateTime : ( 25 / 06 / 24 -- 22 : 35 : 38 )
"22 : 35 : 39",22.67505070000000, 
"22 : 35 : 40",22.65931320000000, 
"22 : 35 : 41",22.66572760000000, 
"22 : 35 : 42",22.67482560000000, 
"22 : 35 : 43",22.67255590000000, 
"22 : 35 : 44",22.64191620000000, 
"22 : 35 : 45",22.64086150000000, 
"22 : 35 : 46",22.65310470000000, 
"22 : 35 : 47",22.65752790000000, 
"22 : 35 : 48",22.64895620000000, 
"22 : 35 : 49",22.65178680000000, 
"22 : 35 : 50",22.65301890000000, 
"22 : 35 : 51",22.64720720000000, 
"22 : 35 : 52",22.65430060000000, 
"22 : 35 : 53",22.65114400000000, 
"22 : 35 : 54",22.64941970000000, 
"22 : 35 : 55",22.63574790000000, 
"22 : 35 : 56",22.64657020000000, 
"22 : 35 : 57",22.66775890000000, 
"22 : 35 : 58",22.65591810000000, 
"22 : 35 : 59",22.65088840000000, 
"22 : 36 : 00",22.65696710000000, 
"22 : 36 : 01",22.65188980000000, 
"22 : 36 : 02",22.64623830000000, 
"22 : 36 : 03",22.64719580000000, 
"22 : 36 : 04",22.64627830000000, 
"22 : 36 : 05",22.63567540000000, 
"22 : 36 : 06",22.64332960000000, 
"22 : 36 : 07",22.65583030000000, 
"22 : 36 : 08",22.65680120000000, 
"22 : 36 : 09",22.65951530000000, 
"22 : 36 : 10",22.65381430000000, 
"22 : 36 : 11",22.66583440000000, 
"22 : 36 : 12",22.65673820000000, 
"22 : 36 : 13",22.66183470000000, 
"22 : 36 : 14",22.65479850000000, 
"22 : 36 : 15",22.65664100000000, 
"22 : 36 : 16",22.64534180000000, 
"22 : 36 : 17",22.64194670000000, 
"22 : 36 : 18",22.62609670000000, 
"22 : 36 : 19",22.61931800000000, 
"22 : 36 : 20",22.61456290000000, 
"22 : 36 : 21",22.60738750000000, 
"22 : 36 : 22",22.61499590000000, 
"22 : 36 : 23",22.61493110000000, 
"22 : 36 : 24",22.61033820000000, 
"22 : 36 : 25",22.61175150000000, 
"22 : 36 : 26",22.61218070000000, 
"22 : 36 : 27",22.60964200000000, 
"22 : 36 : 28",22.61917490000000, 
"22 : 36 : 29",22.59983250000000, 
"22 : 36 : 30",22.59774200000000, 
"22 : 36 : 31",22.60069840000000, 
"22 : 36 : 32",22.59165760000000, 
"22 : 36 : 33",22.58742520000000, 
"22 : 36 : 34",22.58589550000000, 
"22 : 36 : 35",22.57760040000000, 
"22 : 36 : 36",22.56460570000000, 
"22 : 36 : 37",22.55403700000000, 
"22 : 36 : 38",22.53545760000000, 
"22 : 36 : 39",22.52067560000000, 
"22 : 36 : 40",22.53837200000000, 
"22 : 36 : 41",22.56260680000000, 
"22 : 36 : 42",22.55484580000000, 
"22 : 36 : 43",22.56323050000000, 
"22 : 36 : 44",22.53322600000000, 
"22 : 36 : 45",22.52246660000000, 
"22 : 36 : 46",22.52448270000000, 
"22 : 36 : 47",22.52335730000000, 
"22 : 36 : 48",22.52652350000000, 
"22 : 36 : 49",22.53008070000000, 
"22 : 36 : 50",22.52742190000000, 
"22 : 36 : 51",22.53268430000000, 
"22 : 36 : 52",22.53447340000000, 
"22 : 36 : 53",22.53473660000000, 
"22 : 36 : 54",22.53487960000000, 
"22 : 36 : 55",22.55257980000000, 
"22 : 36 : 56",22.59839240000000, 
"22 : 36 : 57",22.58444210000000, 
"22 : 36 : 58",22.58373830000000, 
"22 : 37 : 00",22.57162850000000, 
"22 : 37 : 00",22.57266420000000, 
"22 : 37 : 01",22.56192010000000, 
"22 : 37 : 03",22.57048980000000, 
"22 : 37 : 03",22.58722490000000, 
"22 : 37 : 04",22.57958220000000, 
"22 : 37 : 05",22.58343500000000, 
"22 : 37 : 06",22.58057210000000, 
"22 : 37 : 07",22.58685300000000, 
"22 : 37 : 08",22.58504100000000, 
"22 : 37 : 09",22.58917040000000, 
"22 : 37 : 10",22.59940710000000, 
"22 : 37 : 11",22.59248350000000, 
"22 : 37 : 13",22.59153550000000, 
"22 : 37 : 13",22.59827800000000, 
"22 : 37 : 14",22.60651960000000, 
"22 : 37 : 16",22.60776710000000, 
"22 : 37 : 16",22.61191940000000, 
"22 : 37 : 17",22.62010190000000, 
"22 : 37 : 19",22.62286560000000, 
"22 : 37 : 19",22.67478940000000, 
"22 : 37 : 20",22.68222420000000, 
"22 : 37 : 21",22.67571440000000, 
"22 : 37 : 22",22.65866470000000, 
"22 : 37 : 24",22.66413300000000, 
"22 : 37 : 25",22.66091910000000, 
"22 : 37 : 26",22.67672530000000, 
"22 : 37 : 27",22.67532150000000, 
"22 : 37 : 28",22.65625190000000, 
"22 : 37 : 29",22.63784210000000, 
"22 : 37 : 30",22.63593290000000, 
"22 : 37 : 31",22.63756370000000, 
"22 : 37 : 32",22.64081950000000, 
"22 : 37 : 33",22.63701050000000, 
"22 : 37 : 34",22.63054080000000, 
"22 : 37 : 35",22.62251090000000, 
"22 : 37 : 36",22.63379470000000, 
"22 : 37 : 37",22.64340590000000, 
"22 : 37 : 38",22.65371130000000, 
"22 : 37 : 39",22.65430450000000, 
"22 : 37 : 40",22.66191670000000, 
"22 : 37 : 41",22.67805860000000, 
"22 : 37 : 42",22.68757820000000, 
"22 : 37 : 43",22.69747730000000, 
"22 : 37 : 44",22.70370480000000, 
"22 : 37 : 45",22.72643080000000, 
"22 : 37 : 46",22.72972290000000, 
"22 : 37 : 47",22.73141470000000, 
"22 : 37 : 48",22.72813030000000, 
"22 : 37 : 49",22.74279780000000, 
"22 : 37 : 50",22.75870510000000, 
"22 : 37 : 51",22.76173400000000, 
"22 : 37 : 52",22.77697180000000, 
"22 : 37 : 53",22.78265190000000, 
"22 : 37 : 54",22.78713410000000, 
"22 : 37 : 55",22.81256100000000, 
"22 : 37 : 56",22.81640050000000, 
"22 : 37 : 57",22.82626720000000, 
"22 : 37 : 58",22.82564350000000, 
"22 : 37 : 59",22.81537620000000, 
"22 : 38 : 00",22.81287950000000, 
"22 : 38 : 01",22.82062330000000, 
"22 : 38 : 02",22.81634140000000, 
"22 : 38 : 03",22.81534380000000, 
"22 : 38 : 04",22.80925750000000, 
"22 : 38 : 05",22.81199640000000, 
"22 : 38 : 06",22.81925580000000, 
"22 : 38 : 07",22.83406060000000, 
"22 : 38 : 08",22.82246390000000, 
"22 : 38 : 09",22.82347860000000, 
"22 : 38 : 10",22.82149500000000, 
"22 : 38 : 11",22.82629200000000, 
"22 : 38 : 12",22.82172580000000, 
"22 : 38 : 13",22.82398790000000, 
"22 : 38 : 14",22.83513060000000, 
"22 : 38 : 15",22.83378980000000, 
"22 : 38 : 16",22.84566680000000, 
"22 : 38 : 17",22.83014290000000, 
"22 : 38 : 18",22.80664060000000, 
"22 : 38 : 19",22.76638220000000, 
"22 : 38 : 20",22.75467490000000, 
"22 : 38 : 21",22.76286500000000, 
"22 : 38 : 22",22.74018280000000, 
"22 : 38 : 23",22.76071160000000, 
"22 : 38 : 24",22.76836580000000, 
"22 : 38 : 25",22.77590560000000, 
"22 : 38 : 26",22.77703280000000, 
"22 : 38 : 27",22.77808570000000, 
"22 : 38 : 28",22.77227780000000, 
"22 : 38 : 29",22.79510490000000, 
"22 : 38 : 30",22.78015130000000, 
"22 : 38 : 31",22.77645110000000, 
"22 : 38 : 32",22.76534080000000, 
"22 : 38 : 33",22.76114460000000, 
"22 : 38 : 34",22.75948330000000, 
"22 : 38 : 35",22.75713920000000, 
"22 : 38 : 36",22.74556350000000, 
"22 : 38 : 37",22.73245040000000, 
"22 : 38 : 38",22.72994990000000, 
"22 : 38 : 39",22.70903010000000, 
"22 : 38 : 40",22.70531270000000, 
"22 : 38 : 41",22.69937510000000, 
"22 : 38 : 42",22.69659800000000, 
"22 : 38 : 43",22.69047160000000, 
"22 : 38 : 44",22.68238630000000, 
"22 : 38 : 45",22.68961330000000, 
"22 : 38 : 46",22.69231790000000, 
"22 : 38 : 47",22.68743700000000, 
"22 : 38 : 48",22.68153570000000, 
"22 : 38 : 49",22.71673960000000, 
"22 : 38 : 50",22.71575540000000, 
"22 : 38 : 51",22.71487040000000, 
"22 : 38 : 52",22.71487040000000, 
"22 : 38 : 53",22.71319770000000, 
"22 : 38 : 54",22.71436300000000, 
"22 : 38 : 55",22.71511260000000, 
"22 : 38 : 56",22.71094510000000, 
"22 : 38 : 57",22.71971890000000, 
"22 : 38 : 58",22.71956820000000, 
"22 : 38 : 59",22.72505560000000, 
"22 : 39 : 00",22.73795120000000, 
"22 : 39 : 01",22.75746720000000, 
"22 : 39 : 02",22.76731870000000, 
"22 : 39 : 03",22.77017590000000, 
"22 : 39 : 04",22.76053810000000, 
"22 : 39 : 05",22.77565570000000, 
"22 : 39 : 06",22.77244560000000, 
"22 : 39 : 07",22.76694480000000, 
"22 : 39 : 08",22.76790610000000, 
"22 : 39 : 09",22.76353260000000, 
"22 : 39 : 10",22.77160070000000, 
"22 : 39 : 11",22.77446930000000, 
"22 : 39 : 12",22.78116600000000, 
"22 : 39 : 13",22.79536050000000, 
"22 : 39 : 14",22.79433440000000, 
"22 : 39 : 15",22.83230780000000, 
"22 : 39 : 16",22.83603090000000, 
"22 : 39 : 17",22.84437170000000, 
"22 : 39 : 18",22.84596820000000, 
"22 : 39 : 19",22.84766760000000, 
"22 : 39 : 20",22.85000220000000, 
"22 : 39 : 21",22.88594810000000, 
"22 : 39 : 22",22.89467430000000, 
"22 : 39 : 23",22.88987540000000, 
"22 : 39 : 24",22.88931460000000, 
"22 : 39 : 25",22.90289110000000, 
"22 : 39 : 26",22.90138810000000, 
"22 : 39 : 27",22.92855640000000, 
"22 : 39 : 28",22.93901820000000, 
"22 : 39 : 29",22.94336890000000, 
"22 : 39 : 30",22.95140070000000, 
"22 : 39 : 31",22.94388000000000, 
"22 : 39 : 32",22.94891160000000, 
"22 : 39 : 33",22.94920730000000, 
"22 : 39 : 34",22.93327900000000, 
"22 : 39 : 35",22.94549360000000, 
"22 : 39 : 36",22.93748280000000, 
"22 : 39 : 37",22.92879860000000, 
"22 : 39 : 38",22.93644140000000, 
"22 : 39 : 39",22.92297360000000, 
"22 : 39 : 40",22.89899630000000, 
"22 : 39 : 41",22.90818970000000, 
"22 : 39 : 42",22.88819690000000, 
"22 : 39 : 43",22.90886300000000, 
"22 : 39 : 44",22.91541290000000, 
"22 : 39 : 45",22.91039270000000, 
"22 : 39 : 46",22.90719030000000, 
"22 : 39 : 47",22.89568900000000, 
"22 : 39 : 48",22.89545820000000, 
"22 : 39 : 49",22.89024540000000, 
"22 : 39 : 50",22.87817570000000, 
"22 : 39 : 51",22.87841220000000, 
"22 : 39 : 52",22.86815830000000, 
"22 : 39 : 53",22.91051100000000, 
"22 : 39 : 54",22.98225970000000, 
"22 : 39 : 55",23.03731530000000, 
"22 : 39 : 56",23.03598400000000, 
"22 : 39 : 57",22.99006080000000, 
"22 : 39 : 58",22.98067850000000, 
"22 : 39 : 59",22.98811910000000, 
"22 : 40 : 00",22.98162460000000, 
"22 : 40 : 01",22.96853630000000, 
"22 : 40 : 02",22.97659110000000, 
"22 : 40 : 03",22.98725500000000, 
"22 : 40 : 04",23.01330560000000, 
"22 : 40 : 05",23.02616310000000, 
"22 : 40 : 06",23.04586210000000, 
"22 : 40 : 07",23.06140700000000, 
"22 : 40 : 08",23.01465030000000, 
"22 : 40 : 09",23.00227540000000, 
"22 : 40 : 10",22.99427410000000, 
"22 : 40 : 11",22.98704710000000, 
"22 : 40 : 12",22.99281690000000, 
"22 : 40 : 13",23.00231550000000, 
"22 : 40 : 14",22.99463080000000, 
"22 : 40 : 15",23.00015060000000, 
"22 : 40 : 16",22.98562240000000, 
"22 : 40 : 17",22.98391150000000, 
"22 : 40 : 18",22.96845240000000, 
"22 : 40 : 19",22.94034760000000, 
"22 : 40 : 20",22.90883820000000, 
"22 : 40 : 21",22.91094580000000, 
"22 : 40 : 22",22.89805220000000, 
"22 : 40 : 23",22.87173460000000, 
"22 : 40 : 24",22.85794630000000, 
"22 : 40 : 25",22.83589930000000, 
"22 : 40 : 26",22.82000730000000, 
"22 : 40 : 27",22.81004900000000, 
"22 : 40 : 28",22.84162710000000, 
"22 : 40 : 29",22.85640140000000, 
"22 : 40 : 30",22.86718750000000, 
"22 : 40 : 31",22.87554550000000, 
"22 : 40 : 32",22.87858960000000, 
"22 : 40 : 33",22.93936150000000, 
"22 : 40 : 34",22.96265600000000, 
"22 : 40 : 35",22.98039620000000, 
"22 : 40 : 36",22.93814080000000, 
"22 : 40 : 37",22.91912460000000, 
"22 : 40 : 38",22.91647140000000, 
"22 : 40 : 39",22.90469550000000, 
"22 : 40 : 40",22.91529460000000, 
"22 : 40 : 41",22.90758510000000, 
"22 : 40 : 42",22.90246390000000, 
"22 : 40 : 43",22.89118190000000, 
"22 : 40 : 44",22.87310980000000, 
"22 : 40 : 45",22.84620470000000, 
"22 : 40 : 46",22.85313600000000, 
"22 : 40 : 47",22.84693710000000, 
"22 : 40 : 48",22.86909290000000, 
"22 : 40 : 49",22.87240210000000, 
"22 : 40 : 50",22.86604880000000, 
"22 : 40 : 51",22.85858910000000, 
"22 : 40 : 52",22.85516730000000, 
"22 : 40 : 53",22.85153570000000, 
"22 : 40 : 54",22.86571880000000, 
"22 : 40 : 55",22.86466780000000, 
"22 : 40 : 56",22.85403630000000, 
"22 : 40 : 57",22.83533090000000, 
"22 : 40 : 58",22.83315270000000, 
"22 : 40 : 59",22.82532690000000, 
"22 : 41 : 00",22.80048560000000, 
"22 : 41 : 01",22.79257960000000, 
"22 : 41 : 02",22.79418940000000, 
"22 : 41 : 03",22.79098510000000, 
"22 : 41 : 04",22.79019160000000, 
"22 : 41 : 05",22.79083630000000, 
"22 : 41 : 06",22.80218120000000, 
"22 : 41 : 07",22.81435200000000, 
"22 : 41 : 08",22.82435030000000, 
"22 : 41 : 09",22.82790750000000, 
"22 : 41 : 10",22.81678580000000, 
"22 : 41 : 11",22.80832290000000, 
"22 : 41 : 12",22.83734890000000, 
"22 : 41 : 13",22.84008590000000, 
"22 : 41 : 14",22.82800670000000, 
"22 : 41 : 15",22.81684490000000, 
"22 : 41 : 16",22.81078330000000, 
"22 : 41 : 17",22.80395120000000, 
"22 : 41 : 18",22.80836670000000, 
"22 : 41 : 19",22.83135790000000, 
"22 : 41 : 20",22.89428520000000, 
"22 : 41 : 21",22.90779490000000, 
"22 : 41 : 22",22.92386050000000, 
"22 : 41 : 23",22.88446610000000, 
"22 : 41 : 24",22.91404720000000, 
"22 : 41 : 25",22.93208310000000, 
"22 : 41 : 26",22.91248510000000, 
"22 : 41 : 27",22.88925930000000, 
"22 : 41 : 28",22.88671110000000, 
"22 : 41 : 29",22.86107820000000, 
"22 : 41 : 30",22.80651470000000, 
"22 : 41 : 31",22.78973000000000, 
"22 : 41 : 32",22.77280040000000, 
"22 : 41 : 33",22.76176450000000, 
"22 : 41 : 34",22.73523130000000, 
"22 : 41 : 35",22.73277280000000, 
"22 : 41 : 36",22.74126240000000, 
"22 : 41 : 37",22.73628420000000, 
"22 : 41 : 38",22.75282850000000, 
"22 : 41 : 39",22.76092520000000, 
"22 : 41 : 40",22.77829550000000, 
"22 : 41 : 41",22.77263640000000, 
"22 : 41 : 42",22.78644940000000, 
"22 : 41 : 44",22.79885670000000, 
"22 : 41 : 44",22.79741280000000, 
"22 : 41 : 45",22.81353180000000, 
"22 : 41 : 47",22.81373400000000, 
"22 : 41 : 47",22.82475850000000, 
"22 : 41 : 48",22.82450100000000, 
"22 : 41 : 49",22.81827160000000, 
"22 : 41 : 50",22.84725180000000, 
"22 : 41 : 51",22.87623780000000, 
"22 : 41 : 52",22.84516520000000, 
"22 : 41 : 53",22.88926310000000, 
"22 : 41 : 54",22.92347140000000, 
"22 : 41 : 55",22.90179250000000, 
"22 : 41 : 56",22.88143530000000, 
"22 : 41 : 57",22.87445250000000, 
"22 : 41 : 58",22.87660400000000, 
"22 : 41 : 59",22.87372770000000, 
"22 : 42 : 00",22.89762680000000, 
"22 : 42 : 02",22.87501710000000, 
"22 : 42 : 02",22.88148300000000, 
"22 : 42 : 03",22.89488980000000, 
"22 : 42 : 05",22.88659660000000, 
"22 : 42 : 05",22.89346310000000, 
"22 : 42 : 06",22.88579550000000, 
"22 : 42 : 08",22.88698380000000, 
"22 : 42 : 08",22.89394950000000, 
"22 : 42 : 09",22.89174840000000, 
"22 : 42 : 10",22.91943350000000, 
"22 : 42 : 11",22.96347990000000, 
"22 : 42 : 12",22.97548100000000, 
"22 : 42 : 13",22.94229500000000, 
"22 : 42 : 15",22.92107580000000, 
"22 : 42 : 15",22.93356890000000, 
"22 : 42 : 16",22.94346230000000, 
"22 : 42 : 18",22.92540160000000, 
"22 : 42 : 18",22.91940490000000, 
"22 : 42 : 19",22.91665070000000, 
"22 : 42 : 21",22.90250580000000, 
"22 : 42 : 21",22.88495250000000, 
"22 : 42 : 22",22.88340750000000, 
"22 : 42 : 23",22.89026640000000, 
"22 : 42 : 24",22.92479510000000, 
"22 : 42 : 25",22.89309880000000, 
"22 : 42 : 27",22.85543440000000, 
"22 : 42 : 28",22.83745950000000, 
"22 : 42 : 29",22.84536360000000, 
"22 : 42 : 30",22.83283420000000, 
"22 : 42 : 31",22.82067100000000, 
"22 : 42 : 32",22.84370420000000, 
"22 : 42 : 33",22.80876540000000, 
"22 : 42 : 34",22.78667440000000, 
"22 : 42 : 35",22.75896070000000, 
"22 : 42 : 36",22.77534480000000, 
"22 : 42 : 37",22.77891540000000, 
"22 : 42 : 38",22.77722540000000, 
"22 : 42 : 39",22.74971770000000, 
"22 : 42 : 40",22.75323860000000, 
"22 : 42 : 41",22.75835410000000, 
"22 : 42 : 42",22.75182530000000, 
"22 : 42 : 43",22.74417300000000, 
"22 : 42 : 44",22.73850050000000, 
"22 : 42 : 45",22.73026080000000, 
"22 : 42 : 46",22.73359100000000, 
"22 : 42 : 47",22.74257850000000, 
"22 : 42 : 48",22.75313180000000, 
"22 : 42 : 49",22.74677650000000, 
"22 : 42 : 50",22.74644850000000, 
"22 : 42 : 51",22.75669090000000, 
"22 : 42 : 52",22.75043670000000, 
"22 : 42 : 53",22.76221080000000, 
"22 : 42 : 54",22.75257110000000, 
"22 : 42 : 55",22.74912070000000, 
"22 : 42 : 56",22.77124020000000, 
"22 : 42 : 57",22.77062220000000, 
"22 : 42 : 58",22.77116200000000, 
"22 : 42 : 59",22.77215760000000, 
"22 : 43 : 00",22.76331320000000, 
"22 : 43 : 01",22.76725950000000, 
"22 : 43 : 02",22.77642630000000, 
"22 : 43 : 03",22.78575890000000, 
"22 : 43 : 04",22.77742000000000, 
"22 : 43 : 05",22.77633470000000, 
"22 : 43 : 06",22.79041670000000, 
"22 : 43 : 07",22.79379840000000, 
"22 : 43 : 08",22.79147720000000, 
"22 : 43 : 09",22.79530140000000, 
"22 : 43 : 10",22.80383110000000, 
"22 : 43 : 11",22.79653350000000, 
"22 : 43 : 12",22.78346060000000, 
"22 : 43 : 13",22.78479190000000, 
"22 : 43 : 14",22.79793930000000, 
"22 : 43 : 15",22.80028340000000, 
"22 : 43 : 16",22.80306810000000, 
"22 : 43 : 17",22.80818550000000, 
"22 : 43 : 18",22.81691550000000, 
"22 : 43 : 19",22.85009570000000, 
"22 : 43 : 20",22.81350890000000, 
"22 : 43 : 21",22.78122900000000, 
"22 : 43 : 22",22.76245110000000, 
"22 : 43 : 23",22.73191450000000, 
"22 : 43 : 24",22.73472780000000, 
"22 : 43 : 25",22.76136770000000, 
"22 : 43 : 26",22.74761390000000, 
"22 : 43 : 27",22.75831220000000, 
"22 : 43 : 28",22.73565670000000, 
"22 : 43 : 29",22.73078910000000, 
"22 : 43 : 30",22.74070730000000, 
"22 : 43 : 31",22.74438090000000, 
"22 : 43 : 32",22.74389070000000, 
"22 : 43 : 33",22.73970220000000, 
"22 : 43 : 34",22.74327460000000, 
"22 : 43 : 35",22.75263590000000, 
"22 : 43 : 36",22.74278250000000, 
"22 : 43 : 37",22.75991430000000, 
"22 : 43 : 38",22.77539060000000, 
"22 : 43 : 39",22.76003830000000, 
"22 : 43 : 40",22.75218200000000, 
"22 : 43 : 41",22.74441710000000, 
"22 : 43 : 42",22.74860950000000, 
"22 : 43 : 43",22.75580590000000, 
"22 : 43 : 44",22.75130650000000, 
"22 : 43 : 45",22.75594900000000, 
"22 : 43 : 46",22.78701590000000, 
"22 : 43 : 47",22.79476540000000, 
"22 : 43 : 48",22.80698960000000, 
"22 : 43 : 49",22.81862060000000, 
"22 : 43 : 50",22.80768390000000, 
"22 : 43 : 51",22.80626480000000, 
"22 : 43 : 52",22.78958890000000, 
"22 : 43 : 53",22.78155700000000, 
"22 : 43 : 54",22.74189180000000, 
"22 : 43 : 55",22.74110410000000, 
"22 : 43 : 56",22.76120560000000, 
"22 : 43 : 57",22.75211710000000, 
"22 : 43 : 58",22.77793500000000, 
"22 : 43 : 59",22.78357310000000, 
"22 : 44 : 00",22.79703330000000, 
"22 : 44 : 01",22.80683510000000, 
"22 : 44 : 02",22.80627630000000, 
"22 : 44 : 03",22.80106920000000, 
"22 : 44 : 04",22.79368400000000, 
"22 : 44 : 05",22.76299660000000, 
"22 : 44 : 06",22.73497770000000, 
"22 : 44 : 07",22.72512430000000, 
"22 : 44 : 08",22.72572700000000, 
"22 : 44 : 09",22.74461550000000, 
"22 : 44 : 10",22.75806610000000, 
"22 : 44 : 11",22.75785820000000, 
"22 : 44 : 12",22.76284790000000, 
"22 : 44 : 13",22.76371380000000, 
"22 : 44 : 14",22.76056280000000, 
"22 : 44 : 15",22.76631730000000, 
"22 : 44 : 16",22.76267810000000, 
"22 : 44 : 17",22.77013010000000, 
"22 : 44 : 18",22.78865810000000, 
"22 : 44 : 19",22.80244250000000, 
"22 : 44 : 20",22.80812070000000, 
"22 : 44 : 21",22.80367080000000, 
"22 : 44 : 22",22.80041880000000, 
"22 : 44 : 23",22.81472770000000, 
"22 : 44 : 24",22.82273860000000, 
"22 : 44 : 25",22.83329770000000, 
"22 : 44 : 26",22.82531540000000, 
"22 : 44 : 27",22.82244680000000, 
"22 : 44 : 28",22.83023070000000, 
"22 : 44 : 29",22.85779950000000, 
"22 : 44 : 30",22.88237950000000, 
"22 : 44 : 31",22.88766470000000, 
"22 : 44 : 32",22.88568110000000, 
"22 : 44 : 33",22.89075660000000, 
"22 : 44 : 34",22.89008140000000, 
"22 : 44 : 35",22.88788220000000, 
"22 : 44 : 36",22.89113990000000, 
"22 : 44 : 37",22.89762870000000, 
"22 : 44 : 38",22.88621900000000, 
"22 : 44 : 39",22.89299960000000, 
"22 : 44 : 40",22.89770120000000, 
"22 : 44 : 41",22.90885160000000, 
"22 : 44 : 42",22.89964480000000, 
"22 : 44 : 43",22.89701080000000, 
"22 : 44 : 44",22.89670940000000, 
"22 : 44 : 45",22.88825030000000, 
"22 : 44 : 46",22.87496370000000, 
"22 : 44 : 47",22.89869490000000, 
"22 : 44 : 48",22.90110390000000, 
"22 : 44 : 49",22.89375490000000, 
"22 : 44 : 50",22.88355060000000, 
"22 : 44 : 51",22.86585990000000, 
"22 : 44 : 52",22.83943170000000, 
"22 : 44 : 53",22.80712890000000, 
"22 : 44 : 54",22.80401990000000, 
"22 : 44 : 55",22.80735580000000, 
"22 : 44 : 56",22.79589650000000, 
"22 : 44 : 57",22.78618620000000, 
"22 : 44 : 58",22.80401220000000, 
"22 : 44 : 59",22.81012340000000, 
"22 : 45 : 00",22.80472940000000, 
"22 : 45 : 01",22.79376600000000, 
"22 : 45 : 02",22.79135320000000, 
"22 : 45 : 03",22.78255650000000, 
"22 : 45 : 04",22.77406880000000, 
"22 : 45 : 05",22.79643820000000, 
"22 : 45 : 06",22.79152670000000, 
"22 : 45 : 07",22.80678550000000, 
"22 : 45 : 08",22.82616420000000, 
"22 : 45 : 09",22.82889550000000, 
"22 : 45 : 10",22.83130260000000, 
"22 : 45 : 11",22.84570500000000, 
"22 : 45 : 12",22.84192270000000, 
"22 : 45 : 13",22.84202380000000, 
"22 : 45 : 14",22.82422630000000, 
"22 : 45 : 15",22.82352060000000, 
"22 : 45 : 16",22.84208860000000, 
"22 : 45 : 17",22.83332630000000, 
"22 : 45 : 18",22.85429760000000, 
"22 : 45 : 19",22.87739940000000, 
"22 : 45 : 20",22.88681790000000, 
"22 : 45 : 21",22.89490500000000, 
"22 : 45 : 22",22.89475630000000, 
"22 : 45 : 23",22.88729280000000, 
"22 : 45 : 24",22.89260100000000, 
"22 : 45 : 25",22.86132620000000, 
"22 : 45 : 26",22.85236350000000, 
"22 : 45 : 27",22.86096000000000, 
"22 : 45 : 28",22.86096950000000, 
"22 : 45 : 29",22.85242840000000, 
"22 : 45 : 30",22.84945290000000, 
"22 : 45 : 31",22.84496680000000, 
"22 : 45 : 32",22.85763930000000, 
"22 : 45 : 33",22.85430520000000, 
"22 : 45 : 34",22.87383460000000, 
"22 : 45 : 35",22.88115880000000, 
"22 : 45 : 36",22.89754480000000, 
"22 : 45 : 37",22.90954580000000, 
"22 : 45 : 38",22.91381450000000, 
"22 : 45 : 39",22.89759250000000, 
"22 : 45 : 40",22.89893340000000, 
"22 : 45 : 41",22.87860480000000, 
"22 : 45 : 42",22.87516970000000, 
"22 : 45 : 43",22.86325260000000, 
"22 : 45 : 44",22.86597250000000, 
"22 : 45 : 45",22.85577010000000, 
"22 : 45 : 46",22.86413570000000, 
"22 : 45 : 47",22.86336320000000, 
"22 : 45 : 48",22.86895370000000, 
"22 : 45 : 49",22.85325050000000, 
"22 : 45 : 50",22.87470810000000, 
"22 : 45 : 51",22.89159010000000, 
"22 : 45 : 52",22.89497560000000, 
"22 : 45 : 53",22.91517250000000, 
"22 : 45 : 54",22.95919410000000, 
"22 : 45 : 55",22.98877140000000, 
"22 : 45 : 56",22.99676510000000, 
"22 : 45 : 57",22.97068400000000, 
"22 : 45 : 58",22.93471140000000, 
"22 : 45 : 59",22.91100120000000, 
"22 : 46 : 00",22.88237190000000, 
"22 : 46 : 01",22.87702940000000, 
"22 : 46 : 02",22.88806150000000, 
"22 : 46 : 03",22.89336770000000, 
"22 : 46 : 04",22.91422840000000, 
"22 : 46 : 05",22.91775320000000, 
"22 : 46 : 06",22.93232530000000, 
"22 : 46 : 07",22.93774600000000, 
"22 : 46 : 08",22.96463580000000, 
"22 : 46 : 09",22.99939530000000, 
"22 : 46 : 10",23.01303290000000, 
"22 : 46 : 11",23.02109140000000, 
"22 : 46 : 12",23.02175710000000, 
"22 : 46 : 13",22.99715990000000, 
"22 : 46 : 14",23.00313180000000, 
"22 : 46 : 15",23.03429410000000, 
"22 : 46 : 16",23.06708330000000, 
"22 : 46 : 17",23.05722800000000, 
"22 : 46 : 18",23.02881240000000, 
"22 : 46 : 19",22.96147340000000, 
"22 : 46 : 20",22.93581190000000, 
"22 : 46 : 21",22.98338500000000, 
"22 : 46 : 22",23.01378050000000, 
"22 : 46 : 23",22.98026650000000, 
"22 : 46 : 24",22.98031420000000, 
"22 : 46 : 25",22.98073950000000, 
"22 : 46 : 26",22.96839710000000, 
"22 : 46 : 27",22.96855920000000, 
"22 : 46 : 29",22.92387000000000, 
"22 : 46 : 29",22.92466350000000, 
"22 : 46 : 30",22.91654580000000, 
"22 : 46 : 31",22.90877340000000, 
"22 : 46 : 32",22.89241210000000, 
"22 : 46 : 33",22.90482710000000, 
"22 : 46 : 34",22.95978920000000, 
"22 : 46 : 35",23.00293540000000, 
"22 : 46 : 36",23.02382850000000, 
"22 : 46 : 37",23.00432580000000, 
"22 : 46 : 38",22.99344250000000, 
"22 : 46 : 39",22.97593870000000, 
"22 : 46 : 40",22.96236030000000, 
"22 : 46 : 41",22.97125620000000, 
"22 : 46 : 42",22.95930670000000, 
"22 : 46 : 43",22.93555450000000, 
"22 : 46 : 44",22.93931000000000, 
"22 : 46 : 45",22.94250100000000, 
"22 : 46 : 46",22.93590160000000, 
"22 : 46 : 47",22.92761990000000, 
"22 : 46 : 48",22.93365090000000, 
"22 : 46 : 49",22.92471120000000, 
"22 : 46 : 50",22.91312980000000, 
"22 : 46 : 51",22.89424700000000, 
"22 : 46 : 52",22.89085380000000, 
"22 : 46 : 53",22.86699670000000, 
"22 : 46 : 54",22.88125030000000, 
"22 : 46 : 55",22.87910070000000, 
"22 : 46 : 56",22.90628050000000, 
"22 : 46 : 57",22.91859810000000, 
"22 : 46 : 58",22.90687170000000, 
"22 : 46 : 59",22.94415470000000, 
"22 : 47 : 00",22.96353720000000, 
"22 : 47 : 02",22.97381400000000, 
"22 : 47 : 02",22.96477690000000, 
"22 : 47 : 04",22.97694580000000, 
"22 : 47 : 04",22.96483030000000, 
"22 : 47 : 05",22.96145050000000, 
"22 : 47 : 06",22.96557990000000, 
"22 : 47 : 07",22.93511770000000, 
"22 : 47 : 09",22.90651700000000, 
"22 : 47 : 09",22.96649930000000, 
"22 : 47 : 10",23.03170010000000, 
"22 : 47 : 12",23.04548260000000, 
"22 : 47 : 12",23.06214710000000, 
"22 : 47 : 13",23.05045500000000, 
"22 : 47 : 15",23.01386830000000, 
"22 : 47 : 15",22.96640200000000, 
"22 : 47 : 16",22.93623350000000, 
"22 : 47 : 17",22.92292590000000, 
"22 : 47 : 18",22.96069520000000, 
"22 : 47 : 19",22.92564200000000, 
"22 : 47 : 21",22.92866130000000, 
"22 : 47 : 22",22.88434210000000, 
"22 : 47 : 22",22.89905540000000, 
"22 : 47 : 23",22.87158960000000, 
"22 : 47 : 25",22.85012050000000, 
"22 : 47 : 25",22.83955760000000, 
"22 : 47 : 26",22.86327740000000, 
"22 : 47 : 27",22.88279340000000, 
"22 : 47 : 28",22.89595030000000, 
"22 : 47 : 29",22.89478680000000, 
"22 : 47 : 30",22.86709970000000, 
"22 : 47 : 31",22.84609220000000, 
"22 : 47 : 32",22.85029790000000, 
"22 : 47 : 33",22.86842530000000, 
"22 : 47 : 34",22.87998390000000, 
"22 : 47 : 36",22.84905810000000, 
"22 : 47 : 36",22.85647580000000, 
"22 : 47 : 38",22.86536590000000, 
"22 : 47 : 38",22.86030960000000, 
"22 : 47 : 39",22.87256620000000, 
"22 : 47 : 40",22.89322660000000, 
"22 : 47 : 41",22.91284170000000, 
"22 : 47 : 42",22.93106840000000, 
"22 : 47 : 43",22.94188690000000, 
"22 : 47 : 45",22.92690840000000, 
"22 : 47 : 46",22.89804070000000, 
"22 : 47 : 47",22.93384360000000, 
"22 : 47 : 48",22.96817200000000, 
"22 : 47 : 49",22.95592680000000, 
"22 : 47 : 50",22.94160650000000, 
"22 : 47 : 51",22.95291510000000, 
"22 : 47 : 52",22.95005980000000, 
"22 : 47 : 53",22.96617310000000, 
"22 : 47 : 54",22.96155160000000, 
"22 : 47 : 55",22.95055580000000, 
"22 : 47 : 56",22.93577000000000, 
"22 : 47 : 57",22.95780940000000, 
"22 : 47 : 58",22.93179130000000, 
"22 : 47 : 59",22.92350000000000, 
"22 : 48 : 00",22.93881030000000, 
"22 : 48 : 01",22.91129490000000, 
"22 : 48 : 02",22.91276350000000, 
"22 : 48 : 03",22.94381900000000, 
"22 : 48 : 04",22.93729400000000, 
"22 : 48 : 05",22.95383260000000, 
"22 : 48 : 06",22.94996830000000, 
"22 : 48 : 07",22.94324300000000, 
"22 : 48 : 08",22.93071360000000, 
"22 : 48 : 09",22.92197220000000, 
"22 : 48 : 10",22.97576900000000, 
"22 : 48 : 11",23.05656240000000, 
"22 : 48 : 12",23.04171560000000, 
"22 : 48 : 13",23.04343220000000, 
"22 : 48 : 14",23.02673530000000, 
"22 : 48 : 15",23.02596280000000, 
"22 : 48 : 16",23.02281950000000, 
"22 : 48 : 17",23.02515790000000, 
"22 : 48 : 18",23.00695410000000, 
"22 : 48 : 19",23.00646970000000, 
"22 : 48 : 20",23.01914970000000, 
"22 : 48 : 21",22.99829480000000, 
"22 : 48 : 22",22.98655890000000, 
"22 : 48 : 23",22.98240660000000, 
"22 : 48 : 24",23.01793280000000, 
"22 : 48 : 25",23.03277010000000, 
"22 : 48 : 26",23.05136680000000, 
"22 : 48 : 27",23.01237480000000, 
"22 : 48 : 28",22.97948640000000, 
"22 : 48 : 29",22.97706980000000, 
"22 : 48 : 30",23.01279250000000, 
"22 : 48 : 31",23.01186750000000, 
"22 : 48 : 32",22.97048560000000, 
"22 : 48 : 33",22.97986980000000, 
"22 : 48 : 34",22.96416470000000, 
"22 : 48 : 35",22.98958010000000, 
"22 : 48 : 36",22.98865500000000, 
"22 : 48 : 37",22.99281690000000, 
"22 : 48 : 38",22.98485370000000, 
"22 : 48 : 39",22.96528620000000, 
"22 : 48 : 40",22.95219420000000, 
"22 : 48 : 41",22.94440650000000, 
"22 : 48 : 42",22.96529570000000, 
"22 : 48 : 43",22.99550430000000, 
"22 : 48 : 44",23.03054230000000, 
"22 : 48 : 45",23.03270530000000, 
"22 : 48 : 46",22.99538610000000, 
"22 : 48 : 47",22.99246780000000, 
"22 : 48 : 48",22.99790380000000, 
"22 : 48 : 49",23.02478400000000, 
"22 : 48 : 50",23.06005470000000, 
"22 : 48 : 51",23.09424970000000, 
"22 : 48 : 52",23.10367960000000, 
"22 : 48 : 53",23.11527250000000, 
"22 : 48 : 54",23.13396640000000, 
"22 : 48 : 55",23.14847370000000, 
"22 : 48 : 56",23.16479300000000, 
"22 : 48 : 57",23.17517470000000, 
"22 : 48 : 58",23.18732450000000, 
"22 : 48 : 59",23.18520730000000, 
"22 : 49 : 00",23.13916390000000, 
"22 : 49 : 01",23.10043900000000, 
"22 : 49 : 02",23.08116530000000, 
"22 : 49 : 03",23.06286620000000, 
"22 : 49 : 04",23.06833260000000, 
"22 : 49 : 05",23.08216660000000, 
"22 : 49 : 06",23.11191360000000, 
"22 : 49 : 07",23.09315680000000, 
"22 : 49 : 08",23.06554220000000, 
"22 : 49 : 09",23.07687750000000, 
"22 : 49 : 10",23.08736610000000, 
"22 : 49 : 11",23.08280940000000, 
"22 : 49 : 12",23.08883850000000, 
"22 : 49 : 13",23.08743280000000, 
"22 : 49 : 14",23.08768080000000, 
"22 : 49 : 15",23.10341830000000, 
"22 : 49 : 16",23.09614750000000, 
"22 : 49 : 17",23.09146690000000, 
"22 : 49 : 18",23.07857700000000, 
"22 : 49 : 19",23.07339090000000, 
"22 : 49 : 20",23.05973240000000, 
"22 : 49 : 21",23.04264060000000, 
"22 : 49 : 22",23.04996290000000, 
"22 : 49 : 23",23.05875200000000, 
"22 : 49 : 24",23.05381390000000, 
"22 : 49 : 25",23.07791700000000, 
"22 : 49 : 26",23.07223890000000, 
"22 : 49 : 27",23.04877280000000, 
"22 : 49 : 28",23.04886810000000, 
"22 : 49 : 29",23.05437460000000, 
"22 : 49 : 30",23.05430030000000, 
"22 : 49 : 31",23.07448570000000, 
"22 : 49 : 32",23.09179300000000, 
"22 : 49 : 33",23.10460090000000, 
"22 : 49 : 34",23.11549180000000, 
"22 : 49 : 35",23.11711120000000, 
"22 : 49 : 36",23.12073890000000, 
"22 : 49 : 37",23.11083410000000, 
"22 : 49 : 38",23.09396930000000, 
"22 : 49 : 39",23.08936500000000, 
"22 : 49 : 40",23.10784140000000, 
"22 : 49 : 41",23.14330100000000, 
"22 : 49 : 42",23.15898510000000, 
"22 : 49 : 43",23.16398810000000, 
"22 : 49 : 44",23.18858140000000, 
"22 : 49 : 45",23.20374670000000, 
"22 : 49 : 46",23.21387290000000, 
"22 : 49 : 47",23.20683280000000, 
"22 : 49 : 48",23.18966670000000, 
"22 : 49 : 49",23.18574520000000, 
"22 : 49 : 50",23.17960350000000, 
"22 : 49 : 51",23.17022320000000, 
"22 : 49 : 52",23.16913600000000, 
"22 : 49 : 53",23.17048070000000, 
"22 : 49 : 54",23.18967810000000, 
"22 : 49 : 55",23.17270270000000, 
"22 : 49 : 56",23.18885040000000, 
"22 : 49 : 57",23.20047560000000, 
"22 : 49 : 58",23.19753450000000, 
"22 : 49 : 59",23.19422720000000, 
"22 : 50 : 00",23.19793700000000, 
"22 : 50 : 01",23.16603270000000, 
"22 : 50 : 02",23.17711830000000, 
"22 : 50 : 03",23.16074750000000, 
"22 : 50 : 04",23.17722120000000, 
"22 : 50 : 05",23.19178960000000, 
"22 : 50 : 06",23.16992560000000, 
"22 : 50 : 07",23.17714110000000, 
"22 : 50 : 08",23.15627280000000, 
"22 : 50 : 09",23.17066760000000, 
"22 : 50 : 10",23.15527530000000, 
"22 : 50 : 11",23.16370200000000, 
"22 : 50 : 12",23.18661680000000, 
"22 : 50 : 13",23.17756840000000, 
"22 : 50 : 14",23.14881700000000, 
"22 : 50 : 15",23.20575330000000, 
"22 : 50 : 16",23.19267840000000, 
"22 : 50 : 17",23.17291450000000, 
"22 : 50 : 18",23.19745060000000, 
"22 : 50 : 19",23.22938720000000, 
"22 : 50 : 20",23.25579640000000, 
"22 : 50 : 21",23.25585550000000, 
"22 : 50 : 22",23.28657720000000, 
"22 : 50 : 23",23.28800960000000, 
"22 : 50 : 24",23.25586700000000, 
"22 : 50 : 25",23.23171230000000, 
"22 : 50 : 26",23.24054900000000, 
"22 : 50 : 27",23.24062530000000, 
"22 : 50 : 28",23.23328010000000, 
"22 : 50 : 29",23.21336170000000, 
"22 : 50 : 30",23.21231650000000, 
"22 : 50 : 31",23.16879460000000, 
"22 : 50 : 32",23.15624800000000, 
"22 : 50 : 33",23.14694400000000, 
"22 : 50 : 34",23.12922090000000, 
"22 : 50 : 35",23.10545920000000, 
"22 : 50 : 36",23.08477020000000, 
"22 : 50 : 37",23.08066940000000, 
"22 : 50 : 38",23.08348080000000, 
"22 : 50 : 39",23.11284630000000, 
"22 : 50 : 40",23.14274780000000, 
"22 : 50 : 41",23.18506240000000, 
"22 : 50 : 42",23.16689490000000, 
"22 : 50 : 43",23.16110220000000, 
"22 : 50 : 44",23.16059680000000, 
"22 : 50 : 45",23.15826410000000, 
"22 : 50 : 46",23.17268940000000, 
"22 : 50 : 47",23.18619530000000, 
"22 : 50 : 48",23.21234510000000, 
"22 : 50 : 49",23.22268670000000, 
"22 : 50 : 50",23.22182270000000, 
"22 : 50 : 51",23.22570990000000, 
"22 : 50 : 52",23.23160550000000, 
"22 : 50 : 53",23.23559370000000, 
"22 : 50 : 54",23.24529640000000, 
"22 : 50 : 55",23.23875420000000, 
"22 : 50 : 56",23.21188920000000, 
"22 : 50 : 57",23.20730010000000, 
"22 : 50 : 58",23.19040670000000, 
"22 : 50 : 59",23.17535590000000, 
"22 : 51 : 00",23.19798660000000, 
"22 : 51 : 01",23.21272650000000, 
"22 : 51 : 02",23.18192670000000, 
"22 : 51 : 03",23.17184820000000, 
"22 : 51 : 04",23.16961090000000, 
"22 : 51 : 05",23.17804710000000, 
"22 : 51 : 06",23.15555950000000, 
"22 : 51 : 07",23.12928580000000, 
"22 : 51 : 08",23.14719000000000, 
"22 : 51 : 09",23.13077160000000, 
"22 : 51 : 10",23.09537880000000, 
"22 : 51 : 11",23.06136320000000, 
"22 : 51 : 12",23.07017320000000, 
"22 : 51 : 13",23.04251860000000, 
"22 : 51 : 14",23.00788870000000, 
"22 : 51 : 15",23.02908700000000, 
"22 : 51 : 16",23.04582020000000, 
"22 : 51 : 17",23.03753080000000, 
"22 : 51 : 18",23.01158140000000, 
"22 : 51 : 19",22.97915640000000, 
"22 : 51 : 20",22.97237960000000, 
"22 : 51 : 21",22.97079080000000, 
"22 : 51 : 22",22.96259300000000, 
"22 : 51 : 23",22.96050640000000, 
"22 : 51 : 24",22.93550870000000, 
"22 : 51 : 25",22.92939750000000, 
"22 : 51 : 26",22.94532960000000, 
"22 : 51 : 27",22.94978140000000, 
"22 : 51 : 28",22.96862410000000, 
"22 : 51 : 29",22.98116490000000, 
"22 : 51 : 30",22.96809000000000, 
"22 : 51 : 31",22.96693800000000, 
"22 : 51 : 32",22.98926350000000, 
"22 : 51 : 33",22.97963330000000, 
"22 : 51 : 34",22.95626830000000, 
"22 : 51 : 35",22.95458790000000, 
"22 : 51 : 36",22.93875500000000, 
"22 : 51 : 37",22.92250250000000, 
"22 : 51 : 38",22.91452590000000, 
"22 : 51 : 39",22.93673130000000, 
"22 : 51 : 40",22.93959800000000, 
"22 : 51 : 41",22.95343390000000, 
"22 : 51 : 42",22.97856330000000, 
"22 : 51 : 43",22.98794170000000, 
"22 : 51 : 44",22.98819730000000, 
"22 : 51 : 45",23.00172990000000, 
"22 : 51 : 46",22.99879830000000, 
"22 : 51 : 47",22.99435040000000, 
"22 : 51 : 48",23.00640670000000, 
"22 : 51 : 49",22.98619650000000, 
"22 : 51 : 50",22.99905010000000, 
"22 : 51 : 51",23.00849910000000, 
"22 : 51 : 52",22.98136130000000, 
"22 : 51 : 53",22.97218700000000, 
"22 : 51 : 54",22.96992870000000, 
"22 : 51 : 55",22.96325870000000, 
"22 : 51 : 56",22.98704710000000, 
"22 : 51 : 57",22.98906320000000, 
"22 : 51 : 58",22.97073170000000, 
"22 : 51 : 59",23.00885000000000, 
"22 : 52 : 00",22.96662900000000, 
"22 : 52 : 01",22.96976280000000, 
"22 : 52 : 02",22.97241590000000, 
"22 : 52 : 03",22.95742980000000, 
"22 : 52 : 04",22.95198240000000, 
"22 : 52 : 05",22.93944350000000, 
"22 : 52 : 06",22.93331330000000, 
"22 : 52 : 07",22.92818060000000, 
"22 : 52 : 08",22.90064430000000, 
"22 : 52 : 09",22.89871970000000, 
"22 : 52 : 10",22.88209910000000, 
"22 : 52 : 11",22.93216700000000, 
"22 : 52 : 12",22.97149840000000, 
"22 : 52 : 13",23.01651760000000, 
"22 : 52 : 14",23.08695600000000, 
"22 : 52 : 15",23.08933060000000, 
"22 : 52 : 16",23.05746260000000, 
"22 : 52 : 17",23.05574030000000, 
"22 : 52 : 18",23.02540200000000, 
"22 : 52 : 19",22.98594850000000, 
"22 : 52 : 20",22.97128860000000, 
"22 : 52 : 21",22.94430920000000, 
"22 : 52 : 22",22.94686690000000, 
"22 : 52 : 23",22.95903960000000, 
"22 : 52 : 24",23.01230620000000, 
"22 : 52 : 25",22.99779310000000, 
"22 : 52 : 26",22.98916430000000, 
"22 : 52 : 28",22.98752210000000, 
"22 : 52 : 28",22.99162100000000, 
"22 : 52 : 29",22.97977820000000, 
"22 : 52 : 30",23.01841540000000, 
"22 : 52 : 31",22.98373790000000, 
"22 : 52 : 32",22.98195450000000, 
"22 : 52 : 33",22.96450420000000, 
"22 : 52 : 34",22.95009610000000, 
"22 : 52 : 35",22.95425980000000, 
"22 : 52 : 37",22.93328660000000, 
"22 : 52 : 37",22.91355510000000, 
"22 : 52 : 38",22.89161870000000, 
"22 : 52 : 39",22.87572660000000, 
"22 : 52 : 41",22.87656210000000, 
"22 : 52 : 41",22.85532180000000, 
"22 : 52 : 42",22.86069290000000, 
"22 : 52 : 43",22.84450340000000, 
"22 : 52 : 44",22.85740850000000, 
"22 : 52 : 45",22.87573810000000, 
"22 : 52 : 46",22.89543150000000, 
"22 : 52 : 48",22.90128890000000, 
"22 : 52 : 48",22.90966600000000, 
"22 : 52 : 49",22.96108240000000, 
"22 : 52 : 51",22.97333330000000, 
"22 : 52 : 52",22.95477290000000, 
"22 : 52 : 53",22.96233740000000, 
"22 : 52 : 54",22.93452260000000, 
"22 : 52 : 55",22.92907710000000, 
"22 : 52 : 56",22.91711610000000, 
"22 : 52 : 57",22.90039440000000, 
"22 : 52 : 58",22.89867590000000, 
"22 : 52 : 59",22.88702770000000, 
"22 : 53 : 00",22.89366140000000, 
"22 : 53 : 01",22.90386960000000, 
"22 : 53 : 02",22.91232290000000, 
"22 : 53 : 03",22.92628660000000, 
"22 : 53 : 04",22.92198180000000, 
"22 : 53 : 05",22.92113490000000, 
"22 : 53 : 06",22.91270820000000, 
"22 : 53 : 07",22.89947890000000, 
"22 : 53 : 08",22.91701310000000, 
"22 : 53 : 09",22.90488430000000, 
"22 : 53 : 10",22.97144500000000, 
"22 : 53 : 11",23.00098800000000, 
"22 : 53 : 12",22.96446220000000, 
"22 : 53 : 13",22.93230810000000, 
"22 : 53 : 14",22.92626380000000, 
"22 : 53 : 15",22.93458930000000, 
"22 : 53 : 16",22.93128580000000, 
"22 : 53 : 17",22.92841140000000, 
"22 : 53 : 18",22.96140280000000, 
"22 : 53 : 19",22.98982230000000, 
"22 : 53 : 20",22.99552340000000, 
"22 : 53 : 21",23.00848570000000, 
"22 : 53 : 22",23.03547660000000, 
"22 : 53 : 23",23.05125800000000, 
"22 : 53 : 24",23.07031050000000, 
"22 : 53 : 25",23.08180800000000, 
"22 : 53 : 26",23.12559890000000, 
"22 : 53 : 27",23.14764590000000, 
"22 : 53 : 28",23.17242430000000, 
"22 : 53 : 29",23.21012300000000, 
"22 : 53 : 30",23.20387260000000, 
"22 : 53 : 31",23.25515550000000, 
"22 : 53 : 32",23.27074620000000, 
"22 : 53 : 33",23.23703570000000, 
"22 : 53 : 34",23.21519080000000, 
"22 : 53 : 35",23.19722550000000, 
"22 : 53 : 36",23.19102090000000, 
"22 : 53 : 37",23.18251220000000, 
"22 : 53 : 38",23.14348410000000, 
"22 : 53 : 39",23.12317650000000, 
"22 : 53 : 40",23.08321380000000, 
"22 : 53 : 41",23.07075110000000, 
"22 : 53 : 42",23.06046480000000, 
"22 : 53 : 43",23.06523320000000, 
"22 : 53 : 44",23.08463850000000, 
"22 : 53 : 45",23.08001510000000, 
"22 : 53 : 46",23.06109420000000, 
"22 : 53 : 47",23.06853290000000, 
"22 : 53 : 48",23.03737440000000, 
"22 : 53 : 49",23.02731130000000, 
"22 : 53 : 50",23.01693530000000, 
"22 : 53 : 51",23.00887870000000, 
"22 : 53 : 52",23.00173180000000, 
"22 : 53 : 53",23.00831980000000, 
"22 : 53 : 54",23.03348540000000, 
"22 : 53 : 55",23.04018020000000, 
"22 : 53 : 56",23.05336380000000, 
"22 : 53 : 57",23.05641930000000, 
"22 : 53 : 58",23.06051820000000, 
"22 : 53 : 59",23.06473350000000, 
"22 : 54 : 00",23.05472750000000, 
"22 : 54 : 01",23.05597110000000, 
"22 : 54 : 02",23.05542180000000, 
"22 : 54 : 03",23.07762710000000, 
"22 : 54 : 04",23.06507870000000, 
"22 : 54 : 05",23.04610250000000, 
"22 : 54 : 06",23.03609080000000, 
"22 : 54 : 07",23.04371640000000, 
"22 : 54 : 08",23.08592220000000, 
"22 : 54 : 09",23.09981530000000, 
"22 : 54 : 10",23.09315680000000, 
"22 : 54 : 11",23.08965680000000, 
"22 : 54 : 12",23.16593360000000, 
"22 : 54 : 13",23.19431870000000, 
"22 : 54 : 14",23.20163150000000, 
"22 : 54 : 15",23.16870880000000, 
"22 : 54 : 16",23.15111920000000, 
"22 : 54 : 17",23.13392820000000, 
"22 : 54 : 18",23.14183990000000, 
"22 : 54 : 19",23.14894290000000, 
"22 : 54 : 20",23.12348740000000, 
"22 : 54 : 21",23.13291740000000, 
"22 : 54 : 22",23.13764760000000, 
"22 : 54 : 23",23.16005890000000, 
"22 : 54 : 24",23.14444160000000, 
"22 : 54 : 25",23.12794490000000, 
"22 : 54 : 26",23.09453960000000, 
"22 : 54 : 27",23.07970040000000, 
"22 : 54 : 28",23.08919710000000, 
"22 : 54 : 29",23.09632490000000, 
"22 : 54 : 30",23.08432760000000, 
"22 : 54 : 31",23.06153290000000, 
"22 : 54 : 32",23.02173990000000, 
"22 : 54 : 33",23.08083910000000, 
"22 : 54 : 34",23.10209650000000, 
"22 : 54 : 35",23.08642950000000, 
"22 : 54 : 36",23.09215160000000, 
"22 : 54 : 37",23.08916280000000, 
"22 : 54 : 38",23.04467580000000, 
"22 : 54 : 39",23.00386610000000, 
"22 : 54 : 40",22.96897120000000, 
"22 : 54 : 41",23.02223960000000, 
"22 : 54 : 42",23.03966140000000, 
"22 : 54 : 43",23.04762840000000, 
"22 : 54 : 44",23.04969590000000, 
"22 : 54 : 45",23.04165260000000, 
"22 : 54 : 46",23.06647100000000, 
"22 : 54 : 47",23.06038090000000, 
"22 : 54 : 48",23.05973240000000, 
"22 : 54 : 49",23.06981840000000, 
"22 : 54 : 50",23.06782150000000, 
"22 : 54 : 51",23.02860830000000, 
"22 : 54 : 52",23.06476400000000, 
"22 : 54 : 53",23.06555360000000, 
"22 : 54 : 54",23.06494900000000, 
"22 : 54 : 55",23.04619780000000, 
"22 : 54 : 56",23.01666250000000, 
"22 : 54 : 57",23.02743330000000, 
"22 : 54 : 58",23.01314350000000, 
"22 : 54 : 59",22.96687120000000, 
"22 : 55 : 00",22.97397990000000, 
"22 : 55 : 01",22.97183790000000, 
"22 : 55 : 02",22.96482080000000, 
"22 : 55 : 03",23.02926060000000, 
"22 : 55 : 04",23.02151870000000, 
"22 : 55 : 05",23.03324120000000, 
"22 : 55 : 06",23.02222060000000, 
"22 : 55 : 07",23.05188750000000, 
"22 : 55 : 08",23.05837440000000, 
"22 : 55 : 09",23.05139730000000, 
"22 : 55 : 10",23.04000280000000, 
"22 : 55 : 11",23.05106730000000, 
"22 : 55 : 12",23.06218910000000, 
"22 : 55 : 13",23.02313040000000, 
"22 : 55 : 14",22.98869320000000, 
"22 : 55 : 15",22.96814910000000, 
"22 : 55 : 16",22.97193330000000, 
"22 : 55 : 17",23.00531950000000, 
"22 : 55 : 18",22.98843380000000, 
"22 : 55 : 19",23.00141330000000, 
"22 : 55 : 20",23.02717390000000, 
"22 : 55 : 21",23.02926820000000, 
"22 : 55 : 22",23.03760520000000, 
"22 : 55 : 23",23.03111260000000, 
"22 : 55 : 24",23.05723570000000, 
"22 : 55 : 25",23.05311580000000, 
"22 : 55 : 26",23.04583540000000, 
"22 : 55 : 27",23.04526320000000, 
"22 : 55 : 28",23.02365490000000, 
"22 : 55 : 29",23.01725190000000, 
"22 : 55 : 30",23.02250090000000, 
"22 : 55 : 31",23.02540960000000, 
"22 : 55 : 32",23.04126160000000, 
"22 : 55 : 33",23.07404130000000, 
"22 : 55 : 34",23.09516520000000, 
"22 : 55 : 35",23.09379950000000, 
"22 : 55 : 36",23.09724040000000, 
"22 : 55 : 37",23.08989520000000, 
"22 : 55 : 38",23.10215560000000, 
"22 : 55 : 39",23.07682600000000, 
"22 : 55 : 40",23.06597130000000, 
"22 : 55 : 41",23.09177780000000, 
"22 : 55 : 42",23.11262130000000, 
"22 : 55 : 43",23.09711450000000, 
"22 : 55 : 44",23.07993690000000, 
"22 : 55 : 45",23.07318300000000, 
"22 : 55 : 46",23.06920620000000, 
"22 : 55 : 47",23.07843010000000, 
"22 : 55 : 48",23.07610320000000, 
"22 : 55 : 49",23.06710620000000, 
"22 : 55 : 50",23.10099220000000, 
"22 : 55 : 51",23.11870760000000, 
"22 : 55 : 52",23.12566560000000, 
"22 : 55 : 53",23.13234900000000, 
"22 : 55 : 54",23.15157310000000, 
"22 : 55 : 55",23.17016790000000, 
"22 : 55 : 56",23.17768850000000, 
"22 : 55 : 57",23.17590710000000, 
"22 : 55 : 58",23.17975040000000, 
"22 : 55 : 59",23.17401500000000, 
"22 : 56 : 00",23.14946550000000, 
"22 : 56 : 01",23.13373940000000, 
"22 : 56 : 02",23.13448330000000, 
"22 : 56 : 03",23.12954130000000, 
"22 : 56 : 04",23.11915390000000, 
"22 : 56 : 05",23.10112570000000, 
"22 : 56 : 06",23.08696550000000, 
"22 : 56 : 07",23.08078380000000, 
"22 : 56 : 08",23.09141920000000, 
"22 : 56 : 09",23.09775920000000, 
"22 : 56 : 10",23.10377500000000, 
"22 : 56 : 11",23.08303450000000, 
"22 : 56 : 12",23.06788060000000, 
"22 : 56 : 13",23.07955550000000, 
"22 : 56 : 14",23.10547630000000, 
"22 : 56 : 15",23.12973780000000, 
"22 : 56 : 16",23.14932820000000, 
"22 : 56 : 17",23.14067640000000, 
"22 : 56 : 18",23.13527670000000, 
"22 : 56 : 19",23.12934490000000, 
"22 : 56 : 20",23.13895790000000, 
"22 : 56 : 21",23.14111700000000, 
"22 : 56 : 22",23.14766690000000, 
"22 : 56 : 23",23.15396300000000, 
"22 : 56 : 24",23.15358920000000, 
"22 : 56 : 25",23.14095110000000, 
"22 : 56 : 26",23.14119330000000, 
"22 : 56 : 27",23.13971710000000, 
"22 : 56 : 28",23.14721100000000, 
"22 : 56 : 29",23.16622540000000, 
"22 : 56 : 30",23.16100310000000, 
"22 : 56 : 31",23.14838400000000, 
"22 : 56 : 32",23.12289810000000, 
"22 : 56 : 33",23.11720270000000, 
"22 : 56 : 34",23.10965340000000, 
"22 : 56 : 35",23.08859820000000, 
"22 : 56 : 36",23.08051490000000, 
"22 : 56 : 37",23.05974760000000, 
"22 : 56 : 38",23.05360790000000, 
"22 : 56 : 39",23.07569880000000, 
"22 : 56 : 40",23.07305330000000, 
"22 : 56 : 41",23.10469810000000, 
"22 : 56 : 42",23.12834730000000, 
"22 : 56 : 43",23.13203230000000, 
"22 : 56 : 44",23.12014190000000, 
"22 : 56 : 45",23.13197510000000, 
"22 : 56 : 46",23.12631980000000, 
"22 : 56 : 47",23.12953940000000, 
"22 : 56 : 48",23.08714480000000, 
"22 : 56 : 49",23.05380240000000, 
"22 : 56 : 50",23.04360580000000, 
"22 : 56 : 51",23.08428000000000, 
"22 : 56 : 52",23.07819930000000, 
"22 : 56 : 53",23.07295980000000, 
"22 : 56 : 54",23.08724210000000, 
"22 : 56 : 55",23.10608480000000, 
"22 : 56 : 56",23.07528300000000, 
"22 : 56 : 57",23.05983350000000, 
"22 : 56 : 58",23.03583900000000, 
"22 : 56 : 59",23.02655980000000, 
"22 : 57 : 00",23.02781100000000, 
"22 : 57 : 01",23.04532620000000, 
"22 : 57 : 02",23.07170480000000, 
"22 : 57 : 03",23.09405320000000, 
"22 : 57 : 04",23.11370460000000, 
"22 : 57 : 05",23.12208170000000, 
"22 : 57 : 06",23.14027590000000, 
"22 : 57 : 07",23.14742850000000, 
"22 : 57 : 08",23.17193600000000, 
"22 : 57 : 09",23.17959210000000, 
"22 : 57 : 10",23.18094060000000, 
"22 : 57 : 11",23.18474960000000, 
"22 : 57 : 12",23.19526860000000, 
"22 : 57 : 13",23.19335550000000, 
"22 : 57 : 14",23.19900320000000, 
"22 : 57 : 15",23.21355810000000, 
"22 : 57 : 16",23.22268100000000, 
"22 : 57 : 17",23.23974410000000, 
"22 : 57 : 18",23.22771830000000, 
"22 : 57 : 19",23.22534750000000, 
"22 : 57 : 20",23.24543570000000, 
"22 : 57 : 21",23.25173950000000, 
"22 : 57 : 22",23.23056030000000, 
"22 : 57 : 23",23.23422050000000, 
"22 : 57 : 24",23.22381780000000, 
"22 : 57 : 26",23.22170630000000, 
"22 : 57 : 26",23.22119140000000, 
"22 : 57 : 27",23.20315930000000, 
"22 : 57 : 28",23.18789480000000, 
"22 : 57 : 29",23.18520160000000, 
"22 : 57 : 30",23.18024440000000, 
"22 : 57 : 31",23.16001120000000, 
"22 : 57 : 32",23.15106200000000, 
"22 : 57 : 33",23.15492430000000, 
"22 : 57 : 34",23.14131350000000, 
"22 : 57 : 35",23.13939090000000, 
"22 : 57 : 36",23.12823290000000, 
"22 : 57 : 37",23.11345480000000, 
"22 : 57 : 39",23.09449570000000, 
"22 : 57 : 39",23.08393280000000, 
"22 : 57 : 40",23.07678600000000, 
"22 : 57 : 41",23.09769820000000, 
"22 : 57 : 42",23.12680050000000, 
"22 : 57 : 43",23.10142890000000, 
"22 : 57 : 44",23.07136340000000, 
"22 : 57 : 45",23.05998220000000, 
"22 : 57 : 46",23.09668540000000, 
"22 : 57 : 47",23.08877750000000, 
"22 : 57 : 48",23.08676910000000, 
"22 : 57 : 49",23.10364720000000, 
"22 : 57 : 50",23.07790940000000, 
"22 : 57 : 51",23.09500120000000, 
"22 : 57 : 52",23.10345840000000, 
"22 : 57 : 53",23.08441350000000, 
"22 : 57 : 54",23.07075110000000, 
"22 : 57 : 55",23.03178400000000, 
"22 : 57 : 57",23.05567350000000, 
"22 : 57 : 57",23.09922590000000, 
"22 : 57 : 58",23.08281130000000, 
"22 : 57 : 59",23.04044910000000, 
"22 : 58 : 00",23.03741260000000, 
"22 : 58 : 01",23.04391470000000, 
"22 : 58 : 02",23.03238860000000, 
"22 : 58 : 03",23.07919500000000, 
"22 : 58 : 04",23.05040930000000, 
"22 : 58 : 05",23.05752180000000, 
"22 : 58 : 06",23.05133810000000, 
"22 : 58 : 07",23.02973740000000, 
"22 : 58 : 08",23.02701370000000, 
"22 : 58 : 09",23.02420800000000, 
"22 : 58 : 10",22.98848150000000, 
"22 : 58 : 12",22.99329940000000, 
"22 : 58 : 12",22.98522180000000, 
"22 : 58 : 13",23.01542090000000, 
"22 : 58 : 14",23.05685420000000, 
"22 : 58 : 15",23.06368060000000, 
"22 : 58 : 17",23.08740990000000, 
"22 : 58 : 18",23.08260530000000, 
"22 : 58 : 19",23.08042330000000, 
"22 : 58 : 20",23.08681670000000, 
"22 : 58 : 21",23.11439510000000, 
"22 : 58 : 22",23.11891930000000, 
"22 : 58 : 23",23.16579620000000, 
"22 : 58 : 24",23.19920920000000, 
"22 : 58 : 25",23.21520420000000, 
"22 : 58 : 26",23.21459960000000, 
"22 : 58 : 27",23.21728890000000, 
"22 : 58 : 28",23.22490690000000, 
"22 : 58 : 29",23.24270050000000, 
"22 : 58 : 30",23.27199930000000, 
"22 : 58 : 31",23.25745390000000, 
"22 : 58 : 32",23.25139990000000, 
"22 : 58 : 33",23.26842300000000, 
"22 : 58 : 34",23.26181600000000, 
"22 : 58 : 35",23.26094810000000, 
"22 : 58 : 36",23.27176280000000, 
"22 : 58 : 37",23.25259390000000, 
"22 : 58 : 38",23.22234530000000, 
"22 : 58 : 39",23.20885080000000, 
"22 : 58 : 40",23.22987550000000, 
"22 : 58 : 41",23.20954130000000, 
"22 : 58 : 42",23.21320340000000, 
"22 : 58 : 43",23.23783300000000, 
"22 : 58 : 44",23.24136350000000, 
"22 : 58 : 45",23.25844190000000, 
"22 : 58 : 46",23.25696180000000, 
"22 : 58 : 47",23.27816770000000, 
"22 : 58 : 48",23.28715510000000, 
"22 : 58 : 49",23.29231640000000, 
"22 : 58 : 50",23.26735680000000, 
"22 : 58 : 51",23.24800100000000, 
"22 : 58 : 52",23.24826620000000, 
"22 : 58 : 53",23.25574300000000, 
"22 : 58 : 54",23.24523350000000, 
"22 : 58 : 55",23.22221940000000, 
"22 : 58 : 56",23.21383660000000, 
"22 : 58 : 57",23.19515800000000, 
"22 : 58 : 58",23.17821120000000, 
"22 : 58 : 59",23.19670860000000, 
"22 : 59 : 00",23.18433760000000, 
"22 : 59 : 01",23.17092510000000, 
"22 : 59 : 02",23.12275880000000, 
"22 : 59 : 03",23.09992790000000, 
"22 : 59 : 04",23.08311840000000, 
"22 : 59 : 05",23.04926680000000, 
"22 : 59 : 06",23.03592870000000, 
"22 : 59 : 07",23.03038020000000, 
"22 : 59 : 08",23.01660720000000, 
"22 : 59 : 09",23.00762550000000, 
"22 : 59 : 10",23.01268950000000, 
"22 : 59 : 11",22.99701300000000, 
"22 : 59 : 12",23.00301360000000, 
"22 : 59 : 13",23.01525680000000, 
"22 : 59 : 14",23.03606600000000, 
"22 : 59 : 15",23.04377930000000, 
"22 : 59 : 16",23.06995580000000, 
"22 : 59 : 17",23.09182920000000, 
"22 : 59 : 18",23.09497830000000, 
"22 : 59 : 19",23.10111040000000, 
"22 : 59 : 20",23.10956570000000, 
"22 : 59 : 21",23.14534750000000, 
"22 : 59 : 22",23.16801070000000, 
"22 : 59 : 23",23.18185800000000, 
"22 : 59 : 24",23.14300530000000, 
"22 : 59 : 25",23.17847440000000, 
"22 : 59 : 26",23.17844390000000, 
"22 : 59 : 27",23.19963260000000, 
"22 : 59 : 28",23.20962710000000, 
"22 : 59 : 29",23.22431750000000, 
"22 : 59 : 30",23.20540420000000, 
"22 : 59 : 31",23.22416490000000, 
"22 : 59 : 32",23.20168300000000, 
"22 : 59 : 33",23.19814100000000, 
"22 : 59 : 34",23.22257800000000, 
"22 : 59 : 35",23.22900390000000, 
"22 : 59 : 36",23.21280860000000, 
"22 : 59 : 37",23.21822730000000, 
"22 : 59 : 38",23.17441940000000, 
"22 : 59 : 39",23.21035000000000, 
"22 : 59 : 40",23.25522040000000, 
"22 : 59 : 41",23.26347160000000, 
"22 : 59 : 42",23.27694890000000, 
"22 : 59 : 43",23.26103210000000, 
"22 : 59 : 44",23.24653810000000, 
"22 : 59 : 45",23.22611230000000, 
"22 : 59 : 46",23.19060700000000, 
"22 : 59 : 47",23.18155090000000, 
"22 : 59 : 48",23.14919280000000, 
"22 : 59 : 49",23.15843000000000, 
"22 : 59 : 50",23.17502970000000, 
"22 : 59 : 51",23.16964720000000, 
"22 : 59 : 52",23.14158820000000, 
"22 : 59 : 53",23.10039710000000, 
"22 : 59 : 54",23.09293740000000, 
"22 : 59 : 55",23.13147730000000, 
"22 : 59 : 56",23.14891620000000, 
"22 : 59 : 57",23.15545080000000, 
"22 : 59 : 58",23.17689890000000, 
"22 : 59 : 59",23.18526840000000, 
"23 : 00 : 00",23.20770070000000, 
"23 : 00 : 01",23.17375180000000, 
"23 : 00 : 02",23.17896080000000, 
"23 : 00 : 03",23.16887090000000, 
"23 : 00 : 04",23.14540290000000, 
"23 : 00 : 05",23.13189500000000, 
"23 : 00 : 06",23.11760900000000, 
"23 : 00 : 07",23.11236000000000, 
"23 : 00 : 08",23.10469050000000, 
"23 : 00 : 09",23.13719740000000, 
"23 : 00 : 10",23.10555830000000, 
"23 : 00 : 11",23.09956160000000, 
"23 : 00 : 12",23.09907530000000, 
"23 : 00 : 13",23.08535000000000, 
"23 : 00 : 14",23.08087530000000, 
"23 : 00 : 15",23.08915710000000, 
"23 : 00 : 16",23.14931290000000, 
"23 : 00 : 17",23.20278160000000, 
"23 : 00 : 18",23.23294060000000, 
"23 : 00 : 19",23.25000760000000, 
"23 : 00 : 20",23.28566550000000, 
"23 : 00 : 21",23.30005640000000, 
"23 : 00 : 22",23.28672210000000, 
"23 : 00 : 23",23.26619330000000, 
"23 : 00 : 24",23.26331900000000, 
"23 : 00 : 25",23.24007220000000, 
"23 : 00 : 26",23.26767920000000, 
"23 : 00 : 27",23.25055500000000, 
"23 : 00 : 28",23.21674530000000, 
"23 : 00 : 29",23.17142480000000, 
"23 : 00 : 30",23.15434070000000, 
"23 : 00 : 31",23.11880680000000, 
"23 : 00 : 32",23.08310500000000, 
"23 : 00 : 33",23.09466360000000, 
"23 : 00 : 34",23.09453200000000, 
"23 : 00 : 35",23.08317940000000, 
"23 : 00 : 36",23.09639730000000, 
"23 : 00 : 37",23.12053870000000, 
"23 : 00 : 38",23.13608360000000, 
"23 : 00 : 39",23.09894560000000, 
"23 : 00 : 40",23.09866710000000, 
"23 : 00 : 41",23.13047980000000, 
"23 : 00 : 42",23.11658280000000, 
"23 : 00 : 43",23.07531160000000, 
"23 : 00 : 44",23.05323600000000, 
"23 : 00 : 45",23.03736490000000, 
"23 : 00 : 46",22.99759290000000, 
"23 : 00 : 47",23.00612830000000, 
"23 : 00 : 48",22.96553800000000, 
"23 : 00 : 49",22.94888870000000, 
"23 : 00 : 50",22.94009390000000, 
"23 : 00 : 51",22.95660400000000, 
"23 : 00 : 52",22.94468680000000, 
"23 : 00 : 53",22.97109600000000, 
"23 : 00 : 54",22.95409390000000, 
"23 : 00 : 55",22.94872280000000, 
"23 : 00 : 56",22.99759480000000, 
"23 : 00 : 57",22.96602820000000, 
"23 : 00 : 58",22.97315780000000, 
"23 : 00 : 59",22.95728110000000, 
"23 : 01 : 00",22.98981470000000, 
"23 : 01 : 01",23.00400730000000, 
"23 : 01 : 02",23.00355140000000, 
"23 : 01 : 03",23.00979040000000, 
"23 : 01 : 04",23.01319310000000, 
"23 : 01 : 05",23.04478260000000, 
"23 : 01 : 06",23.07341000000000, 
"23 : 01 : 07",23.10233110000000, 
"23 : 01 : 08",23.11471550000000, 
"23 : 01 : 09",23.11351200000000, 
"23 : 01 : 10",23.10837360000000, 
"23 : 01 : 11",23.12131880000000, 
"23 : 01 : 12",23.13975520000000, 
"23 : 01 : 13",23.18973350000000, 
"23 : 01 : 14",23.19331930000000, 
"23 : 01 : 15",23.20606420000000, 
"23 : 01 : 16",23.18245690000000, 
"23 : 01 : 17",23.17258070000000, 
"23 : 01 : 18",23.15098380000000, 
"23 : 01 : 19",23.16473960000000, 
"23 : 01 : 20",23.15985670000000, 
"23 : 01 : 21",23.16274260000000, 
"23 : 01 : 22",23.12111470000000, 
"23 : 01 : 23",23.13731570000000, 
"23 : 01 : 24",23.13705060000000, 
"23 : 01 : 25",23.13066670000000, 
"23 : 01 : 26",23.12260050000000, 
"23 : 01 : 27",23.12129210000000, 
"23 : 01 : 28",23.16651150000000, 
"23 : 01 : 29",23.19007300000000, 
"23 : 01 : 30",23.20055960000000, 
"23 : 01 : 31",23.22001070000000, 
"23 : 01 : 32",23.24991030000000, 
"23 : 01 : 33",23.26403610000000, 
"23 : 01 : 34",23.26147070000000, 
"23 : 01 : 35",23.28735540000000, 
"23 : 01 : 36",23.29921720000000, 
"23 : 01 : 37",23.31510920000000, 
"23 : 01 : 38",23.31334680000000, 
"23 : 01 : 39",23.31450270000000, 
"23 : 01 : 40",23.33393470000000, 
"23 : 01 : 41",23.37384220000000, 
"23 : 01 : 42",23.39572900000000, 
"23 : 01 : 43",23.39299960000000, 
"23 : 01 : 44",23.37703510000000, 
"23 : 01 : 45",23.38520810000000, 
"23 : 01 : 46",23.38855740000000, 
"23 : 01 : 47",23.32662200000000, 
"23 : 01 : 48",23.30051610000000, 
"23 : 01 : 49",23.34277720000000, 
"23 : 01 : 50",23.35317420000000, 
"23 : 01 : 51",23.35682100000000, 
"23 : 01 : 52",23.36809530000000, 
"23 : 01 : 53",23.30297270000000, 
"23 : 01 : 54",23.26980200000000, 
"23 : 01 : 55",23.26505270000000, 
"23 : 01 : 56",23.24537840000000, 
"23 : 01 : 57",23.25521460000000, 
"23 : 01 : 59",23.27345650000000, 
"23 : 01 : 59",23.27854910000000, 
"23 : 02 : 00",23.31435200000000, 
"23 : 02 : 01",23.30954550000000, 
"23 : 02 : 02",23.29180900000000, 
"23 : 02 : 03",23.27935020000000, 
"23 : 02 : 04",23.30929370000000, 
"23 : 02 : 05",23.28145400000000, 
"23 : 02 : 06",23.27004240000000, 
"23 : 02 : 07",23.35817710000000, 
"23 : 02 : 08",23.34805670000000, 
"23 : 02 : 09",23.30679130000000, 
"23 : 02 : 10",23.36035340000000, 
"23 : 02 : 12",23.40421100000000, 
"23 : 02 : 12",23.44955250000000, 
"23 : 02 : 13",23.47039790000000, 
"23 : 02 : 14",23.49210160000000, 
"23 : 02 : 15",23.49208250000000, 
"23 : 02 : 16",23.48285290000000, 
"23 : 02 : 17",23.49580570000000, 
"23 : 02 : 18",23.46008490000000, 
"23 : 02 : 19",23.44698520000000, 
"23 : 02 : 20",23.44845000000000, 
"23 : 02 : 21",23.43881790000000, 
"23 : 02 : 22",23.45804210000000, 
"23 : 02 : 23",23.49414630000000, 
"23 : 02 : 25",23.48243330000000, 
"23 : 02 : 25",23.48038290000000, 
"23 : 02 : 26",23.47669020000000, 
"23 : 02 : 28",23.46477500000000, 
"23 : 02 : 28",23.45909300000000, 
"23 : 02 : 29",23.47425650000000, 
"23 : 02 : 30",23.45980450000000, 
"23 : 02 : 31",23.45506090000000, 
"23 : 02 : 33",23.47472000000000, 
"23 : 02 : 33",23.47881690000000, 
"23 : 02 : 35",23.46658130000000, 
"23 : 02 : 35",23.47015380000000, 
"23 : 02 : 37",23.46661370000000, 
"23 : 02 : 38",23.51245490000000, 
"23 : 02 : 39",23.52864260000000, 
"23 : 02 : 40",23.50561330000000, 
"23 : 02 : 40",23.59414290000000, 
"23 : 02 : 42",23.61525340000000, 
"23 : 02 : 43",23.60579100000000, 
"23 : 02 : 44",23.60805130000000, 
"23 : 02 : 45",23.55338660000000, 
"23 : 02 : 46",23.56828880000000, 
"23 : 02 : 47",23.57699200000000, 
"23 : 02 : 48",23.56815330000000, 
"23 : 02 : 49",23.57147400000000, 
"23 : 02 : 50",23.57756420000000, 
"23 : 02 : 51",23.57406040000000, 
"23 : 02 : 52",23.55856700000000, 
"23 : 02 : 53",23.55293080000000, 
"23 : 02 : 54",23.54880140000000, 
"23 : 02 : 55",23.56618490000000, 
"23 : 02 : 56",23.57679740000000, 
"23 : 02 : 57",23.57602500000000, 
"23 : 02 : 58",23.56956670000000, 
"23 : 02 : 59",23.57137290000000, 
"23 : 03 : 00",23.57567210000000, 
"23 : 03 : 01",23.55269810000000, 
"23 : 03 : 02",23.58664890000000, 
"23 : 03 : 03",23.59779350000000, 
"23 : 03 : 04",23.58695220000000, 
"23 : 03 : 05",23.60039130000000, 
"23 : 03 : 06",23.60731690000000, 
"23 : 03 : 07",23.53664390000000, 
"23 : 03 : 08",23.44926640000000, 
"23 : 03 : 09",23.41841500000000, 
"23 : 03 : 10",23.42889210000000, 
"23 : 03 : 11",23.44155500000000, 
"23 : 03 : 12",23.43980020000000, 
"23 : 03 : 13",23.41041560000000, 
"23 : 03 : 14",23.41402240000000, 
"23 : 03 : 15",23.44077300000000, 
"23 : 03 : 16",23.43954840000000, 
"23 : 03 : 17",23.39446830000000, 
"23 : 03 : 18",23.33645240000000, 
"23 : 03 : 19",23.29640570000000, 
"23 : 03 : 20",23.32225410000000, 
"23 : 03 : 21",23.32118220000000, 
"23 : 03 : 22",23.33142470000000, 
"23 : 03 : 23",23.33501430000000, 
"23 : 03 : 24",23.38279720000000, 
"23 : 03 : 25",23.32611840000000, 
"23 : 03 : 26",23.35529130000000, 
"23 : 03 : 27",23.36141200000000, 
"23 : 03 : 28",23.39039230000000, 
"23 : 03 : 29",23.38091270000000, 
"23 : 03 : 30",23.36925310000000, 
"23 : 03 : 31",23.35573570000000, 
"23 : 03 : 32",23.32390780000000, 
"23 : 03 : 33",23.31060980000000, 
"23 : 03 : 34",23.34881590000000, 
"23 : 03 : 35",23.34208670000000, 
"23 : 03 : 36",23.32166290000000, 
"23 : 03 : 37",23.30230140000000, 
"23 : 03 : 38",23.29331200000000, 
"23 : 03 : 39",23.28379440000000, 
"23 : 03 : 40",23.27699850000000, 
"23 : 03 : 41",23.26343720000000, 
"23 : 03 : 42",23.29257390000000, 
"23 : 03 : 43",23.23531910000000, 
"23 : 03 : 44",23.20847510000000, 
"23 : 03 : 45",23.20244210000000, 
"23 : 03 : 46",23.23340220000000, 
"23 : 03 : 47",23.21197700000000, 
"23 : 03 : 48",23.19568630000000, 
"23 : 03 : 49",23.20787810000000, 
"23 : 03 : 50",23.22403140000000, 
"23 : 03 : 51",23.21481890000000, 
"23 : 03 : 52",23.21017070000000, 
"23 : 03 : 53",23.20617670000000, 
"23 : 03 : 54",23.18139830000000, 
"23 : 03 : 55",23.17818830000000, 
"23 : 03 : 56",23.18370430000000, 
"23 : 03 : 57",23.18987270000000, 
"23 : 03 : 58",23.18993370000000, 
"23 : 03 : 59",23.17515750000000, 
"23 : 04 : 00",23.20087430000000, 
"23 : 04 : 01",23.21601100000000, 
"23 : 04 : 02",23.21208760000000, 
"23 : 04 : 03",23.21442980000000, 
"23 : 04 : 04",23.19682690000000, 
"23 : 04 : 05",23.15480990000000, 
"23 : 04 : 06",23.16850660000000, 
"23 : 04 : 07",23.16421310000000, 
"23 : 04 : 08",23.15392680000000, 
"23 : 04 : 09",23.17695040000000, 
"23 : 04 : 10",23.18721000000000, 
"23 : 04 : 11",23.18407050000000, 
"23 : 04 : 12",23.18658060000000, 
"23 : 04 : 13",23.18706890000000, 
"23 : 04 : 14",23.17879480000000, 
"23 : 04 : 15",23.19976230000000, 
"23 : 04 : 16",23.21847720000000, 
"23 : 04 : 17",23.22578430000000, 
"23 : 04 : 18",23.22558210000000, 
"23 : 04 : 19",23.24447050000000, 
"23 : 04 : 20",23.24938580000000, 
"23 : 04 : 21",23.25270650000000, 
"23 : 04 : 22",23.20890040000000, 
"23 : 04 : 23",23.19576260000000, 
"23 : 04 : 24",23.23119920000000, 
"23 : 04 : 25",23.24721710000000, 
"23 : 04 : 26",23.23324580000000, 
"23 : 04 : 27",23.20585440000000, 
"23 : 04 : 28",23.18009750000000, 
"23 : 04 : 29",23.14985840000000, 
"23 : 04 : 30",23.09180640000000, 
"23 : 04 : 31",23.11967080000000, 
"23 : 04 : 32",23.16408340000000, 
"23 : 04 : 33",23.16465950000000, 
"23 : 04 : 34",23.13194270000000, 
"23 : 04 : 35",23.14436340000000, 
"23 : 04 : 36",23.16234970000000, 
"23 : 04 : 37",23.23184390000000, 
"23 : 04 : 38",23.24195860000000, 
"23 : 04 : 39",23.22988890000000, 
"23 : 04 : 40",23.20088760000000, 
"23 : 04 : 41",23.19816010000000, 
"23 : 04 : 42",23.23669810000000, 
"23 : 04 : 43",23.24211310000000, 
"23 : 04 : 44",23.22695540000000, 
"23 : 04 : 45",23.22773360000000, 
"23 : 04 : 46",23.25113860000000, 
"23 : 04 : 47",23.27933120000000, 
"23 : 04 : 48",23.29527850000000, 
"23 : 04 : 49",23.26905440000000, 
"23 : 04 : 50",23.28638070000000, 
"23 : 04 : 51",23.29472160000000, 
"23 : 04 : 52",23.28572080000000, 
"23 : 04 : 53",23.30017850000000, 
"23 : 04 : 54",23.30613510000000, 
"23 : 04 : 55",23.30482670000000, 
"23 : 04 : 56",23.30128470000000, 
"23 : 04 : 57",23.29277220000000, 
"23 : 04 : 58",23.29722780000000, 
"23 : 04 : 59",23.30543510000000, 
"23 : 05 : 00",23.31068420000000, 
"23 : 05 : 01",23.32842250000000, 
"23 : 05 : 02",23.33757010000000, 
"23 : 05 : 03",23.33808890000000, 
"23 : 05 : 04",23.32225600000000, 
"23 : 05 : 05",23.31846610000000, 
"23 : 05 : 06",23.31006240000000, 
"23 : 05 : 07",23.31022640000000, 
"23 : 05 : 08",23.31183620000000, 
"23 : 05 : 09",23.33034700000000, 
"23 : 05 : 10",23.33243750000000, 
"23 : 05 : 11",23.30763240000000, 
"23 : 05 : 12",23.29373930000000, 
"23 : 05 : 13",23.26635550000000, 
"23 : 05 : 14",23.23936650000000, 
"23 : 05 : 15",23.22725100000000, 
"23 : 05 : 16",23.22581670000000, 
"23 : 05 : 17",23.23229590000000, 
"23 : 05 : 18",23.25717350000000, 
"23 : 05 : 19",23.25041580000000, 
"23 : 05 : 20",23.21918480000000, 
"23 : 05 : 21",23.21549410000000, 
"23 : 05 : 22",23.21307940000000, 
"23 : 05 : 23",23.17070770000000, 
"23 : 05 : 24",23.15095320000000, 
"23 : 05 : 25",23.13543510000000, 
"23 : 05 : 26",23.13585850000000, 
"23 : 05 : 27",23.13710020000000, 
"23 : 05 : 28",23.13802900000000, 
"23 : 05 : 29",23.14370910000000, 
"23 : 05 : 30",23.14792630000000, 
"23 : 05 : 31",23.17084120000000, 
"23 : 05 : 32",23.17512890000000, 
"23 : 05 : 33",23.19850340000000, 
"23 : 05 : 34",23.20217320000000, 
"23 : 05 : 35",23.23342890000000, 
"23 : 05 : 36",23.27874750000000, 
"23 : 05 : 37",23.31389800000000, 
"23 : 05 : 38",23.34330360000000, 
"23 : 05 : 39",23.35995860000000, 
"23 : 05 : 40",23.37084770000000, 
"23 : 05 : 41",23.35266110000000, 
"23 : 05 : 42",23.34486570000000, 
"23 : 05 : 43",23.33510390000000, 
"23 : 05 : 44",23.31367870000000, 
"23 : 05 : 45",23.29774850000000, 
"23 : 05 : 46",23.31044000000000, 
"23 : 05 : 47",23.33045950000000, 
"23 : 05 : 48",23.32348250000000, 
"23 : 05 : 49",23.34858320000000, 
"23 : 05 : 50",23.36277190000000, 
"23 : 05 : 51",23.39309500000000, 
"23 : 05 : 52",23.41872400000000, 
"23 : 05 : 53",23.39846220000000, 
"23 : 05 : 54",23.36583900000000, 
"23 : 05 : 55",23.37547300000000, 
"23 : 05 : 56",23.32093810000000, 
"23 : 05 : 57",23.28050230000000, 
"23 : 05 : 58",23.25838660000000, 
"23 : 05 : 59",23.24946970000000, 
"23 : 06 : 00",23.24411390000000, 
"23 : 06 : 01",23.28089330000000, 
"23 : 06 : 02",23.29270170000000, 
"23 : 06 : 03",23.30298040000000, 
"23 : 06 : 04",23.29001420000000, 
"23 : 06 : 05",23.26641270000000, 
"23 : 06 : 06",23.26405140000000, 
"23 : 06 : 07",23.24399750000000, 
"23 : 06 : 08",23.23220630000000, 
"23 : 06 : 09",23.22374340000000, 
"23 : 06 : 10",23.21253770000000, 
"23 : 06 : 11",23.20828430000000, 
"23 : 06 : 12",23.22794150000000, 
"23 : 06 : 13",23.23700520000000, 
"23 : 06 : 14",23.22081940000000, 
"23 : 06 : 15",23.22236820000000, 
"23 : 06 : 16",23.23568720000000, 
"23 : 06 : 17",23.22976490000000, 
"23 : 06 : 18",23.21260260000000, 
"23 : 06 : 19",23.22085950000000, 
"23 : 06 : 20",23.22732920000000, 
"23 : 06 : 21",23.24400130000000, 
"23 : 06 : 22",23.25849340000000, 
"23 : 06 : 23",23.27789870000000, 
"23 : 06 : 24",23.28577610000000, 
"23 : 06 : 25",23.28458210000000, 
"23 : 06 : 26",23.29581830000000, 
"23 : 06 : 27",23.28933330000000, 
"23 : 06 : 28",23.29130930000000, 
"23 : 06 : 29",23.28639600000000, 
"23 : 06 : 30",23.28304860000000, 
"23 : 06 : 31",23.26066390000000, 
"23 : 06 : 32",23.25917620000000, 
"23 : 06 : 33",23.23253050000000, 
"23 : 06 : 34",23.29547880000000, 
"23 : 06 : 35",23.28068730000000, 
"23 : 06 : 36",23.24764440000000, 
"23 : 06 : 37",23.23962020000000, 
"23 : 06 : 38",23.24329370000000, 
"23 : 06 : 39",23.22348780000000, 
"23 : 06 : 40",23.25348280000000, 
"23 : 06 : 41",23.24645420000000, 
"23 : 06 : 42",23.22611420000000, 
"23 : 06 : 43",23.20453070000000, 
"23 : 06 : 44",23.19684210000000, 
"23 : 06 : 45",23.21613880000000, 
"23 : 06 : 46",23.22463790000000, 
"23 : 06 : 47",23.21903030000000, 
"23 : 06 : 48",23.20575520000000, 
"23 : 06 : 49",23.23059840000000, 
"23 : 06 : 50",23.22591200000000, 
"23 : 06 : 51",23.22721480000000, 
"23 : 06 : 52",23.19248960000000, 
"23 : 06 : 53",23.16675750000000, 
"23 : 06 : 54",23.17474930000000, 
"23 : 06 : 55",23.17257690000000, 
"23 : 06 : 56",23.16817280000000, 
"23 : 06 : 57",23.17636680000000, 
"23 : 06 : 58",23.16441910000000, 
"23 : 06 : 59",23.14360040000000, 
"23 : 07 : 00",23.16266820000000, 
"23 : 07 : 01",23.16071890000000, 
"23 : 07 : 02",23.16125860000000, 
"23 : 07 : 03",23.15291020000000, 
"23 : 07 : 04",23.15053170000000, 
"23 : 07 : 05",23.15953630000000, 
"23 : 07 : 06",23.14967910000000, 
"23 : 07 : 07",23.17083740000000, 
"23 : 07 : 08",23.18512530000000, 
"23 : 07 : 09",23.21426960000000, 
"23 : 07 : 10",23.20289610000000, 
"23 : 07 : 11",23.18170540000000, 
"23 : 07 : 13",23.15754310000000, 
"23 : 07 : 13",23.19363780000000, 
"23 : 07 : 14",23.21902460000000, 
"23 : 07 : 15",23.22871010000000, 
"23 : 07 : 16",23.22419730000000, 
"23 : 07 : 17",23.20500370000000, 
"23 : 07 : 18",23.20725630000000, 
"23 : 07 : 19",23.19522850000000, 
"23 : 07 : 20",23.17304420000000, 
"23 : 07 : 21",23.16951370000000, 
"23 : 07 : 22",23.18747900000000, 
"23 : 07 : 23",23.17638770000000, 
"23 : 07 : 24",23.21431920000000, 
"23 : 07 : 26",23.22379870000000, 
"23 : 07 : 26",23.20455930000000, 
"23 : 07 : 27",23.19898030000000, 
"23 : 07 : 28",23.19836800000000, 
"23 : 07 : 29",23.17247580000000, 
"23 : 07 : 30",23.16374390000000, 
"23 : 07 : 31",23.15125650000000, 
"23 : 07 : 32",23.14980310000000, 
"23 : 07 : 33",23.14354130000000, 
"23 : 07 : 34",23.14510340000000, 
"23 : 07 : 35",23.15316390000000, 
"23 : 07 : 36",23.17559620000000, 
"23 : 07 : 37",23.17049400000000, 
"23 : 07 : 39",23.24778170000000, 
"23 : 07 : 39",23.25873750000000, 
"23 : 07 : 40",23.28859510000000, 
"23 : 07 : 42",23.28954690000000, 
"23 : 07 : 42",23.29158210000000, 
"23 : 07 : 43",23.26078220000000, 
"23 : 07 : 44",23.25811950000000, 
"23 : 07 : 45",23.24988740000000, 
"23 : 07 : 46",23.19044490000000, 
"23 : 07 : 47",23.17127600000000, 
"23 : 07 : 48",23.13198850000000, 
"23 : 07 : 50",23.12718200000000, 
"23 : 07 : 50",23.10828970000000, 
"23 : 07 : 51",23.13086120000000, 
"23 : 07 : 52",23.15261650000000, 
"23 : 07 : 53",23.18799010000000, 
"23 : 07 : 54",23.18215370000000, 
"23 : 07 : 55",23.17066760000000, 
"23 : 07 : 57",23.16885940000000, 
"23 : 07 : 57",23.17141150000000, 
"23 : 07 : 58",23.16325750000000, 
"23 : 08 : 00",23.14332000000000, 
"23 : 08 : 00",23.13656040000000, 
"23 : 08 : 02",23.17012020000000, 
"23 : 08 : 03",23.15718650000000, 
"23 : 08 : 04",23.16954420000000, 
"23 : 08 : 05",23.13413230000000, 
"23 : 08 : 05",23.11445420000000, 
"23 : 08 : 07",23.11801710000000, 
"23 : 08 : 08",23.13077920000000, 
"23 : 08 : 09",23.13973610000000, 
"23 : 08 : 10",23.12477490000000, 
"23 : 08 : 11",23.10460850000000, 
"23 : 08 : 12",23.10715100000000, 
"23 : 08 : 13",23.12478630000000, 
"23 : 08 : 14",23.10066220000000, 
"23 : 08 : 15",23.10488700000000, 
"23 : 08 : 16",23.12543480000000, 
"23 : 08 : 17",23.12453840000000, 
"23 : 08 : 18",23.13636200000000, 
"23 : 08 : 19",23.14957230000000, 
"23 : 08 : 20",23.16031260000000, 
"23 : 08 : 21",23.16320030000000, 
"23 : 08 : 22",23.19875140000000, 
"23 : 08 : 23",23.19559860000000, 
"23 : 08 : 24",23.19345280000000, 
"23 : 08 : 25",23.19246480000000, 
"23 : 08 : 26",23.16971390000000, 
"23 : 08 : 27",23.16862670000000, 
"23 : 08 : 28",23.18242070000000, 
"23 : 08 : 29",23.20791240000000, 
"23 : 08 : 30",23.28798290000000, 
"23 : 08 : 31",23.26745600000000, 
"23 : 08 : 32",23.27941890000000, 
"23 : 08 : 33",23.27876850000000, 
"23 : 08 : 34",23.31102560000000, 
"23 : 08 : 35",23.32492440000000, 
"23 : 08 : 36",23.32941430000000, 
"23 : 08 : 37",23.33164400000000, 
"23 : 08 : 38",23.35266300000000, 
"23 : 08 : 39",23.36773300000000, 
"23 : 08 : 40",23.38094320000000, 
"23 : 08 : 41",23.39530940000000, 
"23 : 08 : 42",23.37467380000000, 
"23 : 08 : 43",23.35975640000000, 
"23 : 08 : 44",23.32699770000000, 
"23 : 08 : 45",23.31317320000000, 
"23 : 08 : 46",23.30359640000000, 
"23 : 08 : 47",23.27365110000000, 
"23 : 08 : 48",23.25962250000000, 
"23 : 08 : 49",23.24312210000000, 
"23 : 08 : 50",23.21603580000000, 
"23 : 08 : 51",23.21390720000000, 
"23 : 08 : 52",23.20953750000000, 
"23 : 08 : 53",23.18922610000000, 
"23 : 08 : 54",23.18819040000000, 
"23 : 08 : 55",23.18693160000000, 
"23 : 08 : 56",23.15230560000000, 
"23 : 08 : 57",23.13241380000000, 
"23 : 08 : 58",23.12994380000000, 
"23 : 08 : 59",23.12811660000000, 
"23 : 09 : 00",23.13136290000000, 
"23 : 09 : 01",23.14513390000000, 
"23 : 09 : 02",23.13427160000000, 
"23 : 09 : 03",23.14650150000000, 
"23 : 09 : 04",23.17029760000000, 
"23 : 09 : 05",23.18782230000000, 
"23 : 09 : 06",23.19930830000000, 
"23 : 09 : 07",23.21425240000000, 
"23 : 09 : 08",23.22576140000000, 
"23 : 09 : 09",23.22998040000000, 
"23 : 09 : 10",23.22883600000000, 
"23 : 09 : 11",23.22107500000000, 
"23 : 09 : 12",23.21937370000000, 
"23 : 09 : 13",23.23625180000000, 
"23 : 09 : 14",23.23605720000000, 
"23 : 09 : 15",23.22814940000000, 
"23 : 09 : 16",23.22003360000000, 
"23 : 09 : 17",23.23361390000000, 
"23 : 09 : 18",23.26939770000000, 
"23 : 09 : 19",23.28747170000000, 
"23 : 09 : 20",23.27364540000000, 
"23 : 09 : 21",23.24814790000000, 
"23 : 09 : 22",23.23924630000000, 
"23 : 09 : 23",23.23810000000000, 
"23 : 09 : 24",23.22695920000000, 
"23 : 09 : 25",23.22521010000000, 
"23 : 09 : 26",23.22589110000000, 
"23 : 09 : 27",23.17375940000000, 
"23 : 09 : 28",23.15851780000000, 
"23 : 09 : 29",23.12983130000000, 
"23 : 09 : 30",23.13866420000000, 
"23 : 09 : 31",23.13956060000000, 
"23 : 09 : 32",23.12834540000000, 
"23 : 09 : 33",23.13219450000000, 
"23 : 09 : 34",23.14843170000000, 
"23 : 09 : 35",23.17071340000000, 
"23 : 09 : 36",23.20929520000000, 
"23 : 09 : 37",23.26986120000000, 
"23 : 09 : 38",23.31011000000000, 
"23 : 09 : 39",23.32281490000000, 
"23 : 09 : 40",23.36952200000000, 
"23 : 09 : 41",23.41256330000000, 
"23 : 09 : 42",23.42308990000000, 
"23 : 09 : 43",23.43069070000000, 
"23 : 09 : 44",23.42309760000000, 
"23 : 09 : 45",23.40913000000000, 
"23 : 09 : 46",23.41948890000000, 
"23 : 09 : 47",23.42835610000000, 
"23 : 09 : 48",23.41718480000000, 
"23 : 09 : 49",23.40104670000000, 
"23 : 09 : 50",23.43399230000000, 
"23 : 09 : 51",23.42676730000000, 
"23 : 09 : 52",23.44126510000000, 
"23 : 09 : 53",23.46090120000000, 
"23 : 09 : 54",23.47858420000000, 
"23 : 09 : 55",23.49276920000000, 
"23 : 09 : 56",23.56277460000000, 
"23 : 09 : 57",23.62286370000000, 
"23 : 09 : 58",23.62478630000000, 
"23 : 09 : 59",23.60636130000000, 
"23 : 10 : 00",23.59371560000000, 
"23 : 10 : 01",23.55251500000000, 
"23 : 10 : 02",23.59926790000000, 
"23 : 10 : 03",23.63526530000000, 
"23 : 10 : 04",23.65068430000000, 
"23 : 10 : 05",23.68028450000000, 
"23 : 10 : 06",23.70673560000000, 
"23 : 10 : 07",23.71059220000000, 
"23 : 10 : 08",23.66005700000000, 
"23 : 10 : 09",23.66504280000000, 
"23 : 10 : 10",23.63395300000000, 
"23 : 10 : 11",23.67779350000000, 
"23 : 10 : 12",23.71063990000000, 
"23 : 10 : 13",23.72575180000000, 
"23 : 10 : 14",23.69547650000000, 
"23 : 10 : 15",23.67246240000000, 
"23 : 10 : 16",23.63441270000000, 
"23 : 10 : 17",23.62511630000000, 
"23 : 10 : 18",23.61897270000000, 
"23 : 10 : 19",23.60418510000000, 
"23 : 10 : 20",23.58950990000000, 
"23 : 10 : 21",23.58184240000000, 
"23 : 10 : 22",23.60594360000000, 
"23 : 10 : 23",23.59900660000000, 
"23 : 10 : 24",23.57989500000000, 
"23 : 10 : 25",23.58689880000000, 
"23 : 10 : 26",23.57529250000000, 
"23 : 10 : 27",23.55723380000000, 
"23 : 10 : 28",23.55426780000000, 
"23 : 10 : 29",23.52215000000000, 
"23 : 10 : 30",23.52161970000000, 
"23 : 10 : 31",23.51371760000000, 
"23 : 10 : 32",23.48532290000000, 
"23 : 10 : 33",23.47703360000000, 
"23 : 10 : 34",23.45023530000000, 
"23 : 10 : 35",23.45168870000000, 
"23 : 10 : 36",23.44479940000000, 
"23 : 10 : 37",23.45596120000000, 
"23 : 10 : 38",23.45276060000000, 
"23 : 10 : 39",23.46586790000000, 
"23 : 10 : 40",23.46355810000000, 
"23 : 10 : 41",23.46115110000000, 
"23 : 10 : 42",23.54211230000000, 
"23 : 10 : 43",23.56079290000000, 
"23 : 10 : 44",23.60134310000000, 
"23 : 10 : 45",23.60571090000000, 
"23 : 10 : 46",23.62274740000000, 
"23 : 10 : 47",23.64693260000000, 
"23 : 10 : 48",23.64894860000000, 
"23 : 10 : 49",23.67075340000000, 
"23 : 10 : 50",23.67788500000000, 
"23 : 10 : 51",23.72802540000000, 
"23 : 10 : 52",23.80206100000000, 
"23 : 10 : 53",23.80196950000000, 
"23 : 10 : 54",23.84262650000000, 
"23 : 10 : 55",23.86228940000000, 
"23 : 10 : 56",23.86591140000000, 
"23 : 10 : 57",23.85525320000000, 
"23 : 10 : 58",23.85434910000000, 
"23 : 10 : 59",23.84621040000000, 
"23 : 11 : 00",23.82686990000000, 
"23 : 11 : 01",23.82373230000000, 
"23 : 11 : 02",23.80354690000000, 
"23 : 11 : 03",23.80799290000000, 
"23 : 11 : 04",23.85407630000000, 
"23 : 11 : 05",23.86884680000000, 
"23 : 11 : 06",23.87741470000000, 
"23 : 11 : 07",23.86277580000000, 
"23 : 11 : 08",23.82325930000000, 
"23 : 11 : 09",23.83370590000000, 
"23 : 11 : 10",23.82407560000000, 
"23 : 11 : 11",23.83791540000000, 
"23 : 11 : 12",23.84005730000000, 
"23 : 11 : 13",23.83575430000000, 
"23 : 11 : 14",23.86120030000000, 
"23 : 11 : 15",23.86608500000000, 
"23 : 11 : 16",23.83090200000000, 
"23 : 11 : 17",23.79615020000000, 
"23 : 11 : 18",23.72645560000000, 
"23 : 11 : 19",23.67226210000000, 
"23 : 11 : 20",23.64634700000000, 
"23 : 11 : 21",23.62405580000000, 
"23 : 11 : 22",23.62468710000000, 
"23 : 11 : 23",23.61223220000000, 
"23 : 11 : 24",23.60171120000000, 
"23 : 11 : 25",23.57897370000000, 
"23 : 11 : 26",23.57454680000000, 
"23 : 11 : 27",23.60734170000000, 
"23 : 11 : 28",23.62263670000000, 
"23 : 11 : 29",23.62073320000000, 
"23 : 11 : 30",23.61128800000000, 
"23 : 11 : 31",23.58678620000000, 
"23 : 11 : 32",23.59410280000000, 
"23 : 11 : 33",23.58995430000000, 
"23 : 11 : 34",23.56204410000000, 
"23 : 11 : 35",23.52611160000000, 
"23 : 11 : 36",23.51495930000000, 
"23 : 11 : 37",23.50802420000000, 
"23 : 11 : 38",23.51036450000000, 
"23 : 11 : 39",23.50074760000000, 
"23 : 11 : 40",23.49463840000000, 
"23 : 11 : 41",23.48349570000000, 
"23 : 11 : 42",23.48114390000000, 
"23 : 11 : 43",23.49019240000000, 
"23 : 11 : 44",23.49832150000000, 
"23 : 11 : 45",23.50290290000000, 
"23 : 11 : 46",23.49570270000000, 
"23 : 11 : 47",23.48818200000000, 
"23 : 11 : 48",23.47678750000000, 
"23 : 11 : 49",23.46089930000000, 
"23 : 11 : 50",23.44832220000000, 
"23 : 11 : 51",23.43162530000000, 
"23 : 11 : 52",23.43382070000000, 
"23 : 11 : 53",23.44648360000000, 
"23 : 11 : 54",23.44857020000000, 
"23 : 11 : 55",23.46422570000000, 
"23 : 11 : 56",23.44789120000000, 
"23 : 11 : 57",23.41107740000000, 
"23 : 11 : 58",23.39765540000000, 
"23 : 11 : 59",23.36791610000000, 
"23 : 12 : 00",23.35398100000000, 
"23 : 12 : 01",23.34001150000000, 
"23 : 12 : 02",23.34106820000000, 
"23 : 12 : 03",23.31494710000000, 
"23 : 12 : 04",23.28726000000000, 
"23 : 12 : 05",23.27007670000000, 
"23 : 12 : 06",23.28001590000000, 
"23 : 12 : 07",23.25885770000000, 
"23 : 12 : 08",23.22738640000000, 
"23 : 12 : 09",23.24005120000000, 
"23 : 12 : 10",23.24953840000000, 
"23 : 12 : 11",23.25692170000000, 
"23 : 12 : 12",23.24771110000000, 
"23 : 12 : 13",23.25824920000000, 
"23 : 12 : 14",23.24078550000000, 
"23 : 12 : 15",23.25117490000000, 
"23 : 12 : 16",23.26447100000000, 
"23 : 12 : 17",23.26682090000000, 
"23 : 12 : 18",23.25727460000000, 
"23 : 12 : 19",23.25003430000000, 
"23 : 12 : 20",23.24386400000000, 
"23 : 12 : 21",23.23822780000000, 
"23 : 12 : 22",23.25319860000000, 
"23 : 12 : 23",23.23567000000000, 
"23 : 12 : 24",23.26232910000000, 
"23 : 12 : 25",23.26328460000000, 
"23 : 12 : 26",23.30140680000000, 
"23 : 12 : 27",23.30423730000000, 
"23 : 12 : 28",23.29770270000000, 
"23 : 12 : 29",23.30576890000000, 
"23 : 12 : 30",23.31277270000000, 
"23 : 12 : 31",23.31050870000000, 
"23 : 12 : 32",23.33770750000000, 
"23 : 12 : 33",23.30500410000000, 
"23 : 12 : 34",23.28316680000000, 
"23 : 12 : 35",23.28576850000000, 
"23 : 12 : 36",23.28678890000000, 
"23 : 12 : 37",23.28439900000000, 
"23 : 12 : 38",23.29839320000000, 
"23 : 12 : 39",23.33386990000000, 
"23 : 12 : 40",23.31518930000000, 
"23 : 12 : 41",23.33810040000000, 
"23 : 12 : 42",23.31511490000000, 
"23 : 12 : 43",23.32739250000000, 
"23 : 12 : 44",23.33608620000000, 
"23 : 12 : 45",23.32265850000000, 
"23 : 12 : 46",23.32595060000000, 
"23 : 12 : 47",23.33112330000000, 
"23 : 12 : 48",23.34161560000000, 
"23 : 12 : 49",23.34699050000000, 
"23 : 12 : 50",23.34107580000000, 
"23 : 12 : 51",23.34971800000000, 
"23 : 12 : 52",23.34440610000000, 
"23 : 12 : 53",23.33064070000000, 
"23 : 12 : 54",23.34767150000000, 
"23 : 12 : 55",23.36261170000000, 
"23 : 12 : 56",23.35853950000000, 
"23 : 12 : 57",23.36863700000000, 
"23 : 12 : 58",23.33123970000000, 
"23 : 12 : 59",23.30623620000000, 
"23 : 13 : 00",23.29422180000000, 
"23 : 13 : 01",23.29682350000000, 
"23 : 13 : 02",23.29597470000000, 
"23 : 13 : 03",23.27515600000000, 
"23 : 13 : 04",23.27220720000000, 
"23 : 13 : 05",23.27633280000000, 
"23 : 13 : 07",23.29540440000000, 
"23 : 13 : 07",23.34608070000000, 
"23 : 13 : 08",23.43051330000000, 
"23 : 13 : 09",23.51305190000000, 
"23 : 13 : 10",23.53570360000000, 
"23 : 13 : 11",23.53879920000000, 
"23 : 13 : 12",23.51484290000000, 
"23 : 13 : 13",23.48647880000000, 
"23 : 13 : 14",23.47974010000000, 
"23 : 13 : 15",23.44734000000000, 
"23 : 13 : 16",23.43680190000000, 
"23 : 13 : 17",23.42685890000000, 
"23 : 13 : 18",23.42071910000000, 
"23 : 13 : 20",23.33880230000000, 
"23 : 13 : 20",23.28234670000000, 
"23 : 13 : 21",23.25354570000000, 
"23 : 13 : 22",23.24863430000000, 
"23 : 13 : 23",23.24418830000000, 
"23 : 13 : 24",23.24934190000000, 
"23 : 13 : 25",23.27166740000000, 
"23 : 13 : 26",23.29079240000000, 
"23 : 13 : 27",23.30317490000000, 
"23 : 13 : 28",23.31014630000000, 
"23 : 13 : 29",23.34242820000000, 
"23 : 13 : 30",23.34897610000000, 
"23 : 13 : 31",23.38876150000000, 
"23 : 13 : 33",23.41876220000000, 
"23 : 13 : 33",23.43767160000000, 
"23 : 13 : 34",23.44094650000000, 
"23 : 13 : 35",23.45145410000000, 
"23 : 13 : 36",23.44684020000000, 
"23 : 13 : 37",23.45028110000000, 
"23 : 13 : 38",23.45661730000000, 
"23 : 13 : 39",23.47150990000000, 
"23 : 13 : 40",23.48852920000000, 
"23 : 13 : 41",23.50335880000000, 
"23 : 13 : 42",23.53079220000000, 
"23 : 13 : 43",23.52703280000000, 
"23 : 13 : 44",23.48889730000000, 
"23 : 13 : 46",23.43934440000000, 
"23 : 13 : 46",23.39202110000000, 
"23 : 13 : 47",23.39468570000000, 
"23 : 13 : 48",23.44800750000000, 
"23 : 13 : 50",23.41870880000000, 
"23 : 13 : 50",23.39251130000000, 
"23 : 13 : 52",23.40199660000000, 
"23 : 13 : 53",23.41950220000000, 
"23 : 13 : 53",23.43907540000000, 
"23 : 13 : 55",23.45511050000000, 
"23 : 13 : 56",23.43203730000000, 
"23 : 13 : 56",23.42607680000000, 
"23 : 13 : 58",23.42247000000000, 
"23 : 13 : 59",23.40448760000000, 
"23 : 14 : 00",23.40252110000000, 
"23 : 14 : 01",23.38024330000000, 
"23 : 14 : 02",23.35786430000000, 
"23 : 14 : 03",23.34228320000000, 
"23 : 14 : 04",23.34436410000000, 
"23 : 14 : 05",23.32691190000000, 
"23 : 14 : 06",23.32243720000000, 
"23 : 14 : 07",23.33692350000000, 
"23 : 14 : 08",23.37799450000000, 
"23 : 14 : 09",23.33927530000000, 
"23 : 14 : 10",23.33053770000000, 
"23 : 14 : 11",23.32568550000000, 
"23 : 14 : 12",23.35228340000000, 
"23 : 14 : 13",23.40206900000000, 
"23 : 14 : 14",23.38609880000000, 
"23 : 14 : 15",23.35880080000000, 
"23 : 14 : 16",23.35393900000000, 
"23 : 14 : 17",23.34626380000000, 
"23 : 14 : 18",23.35079760000000, 
"23 : 14 : 19",23.32897560000000, 
"23 : 14 : 20",23.31523700000000, 
"23 : 14 : 21",23.30022230000000, 
"23 : 14 : 22",23.30809020000000, 
"23 : 14 : 23",23.29353140000000, 
"23 : 14 : 24",23.29747000000000, 
"23 : 14 : 25",23.29693600000000, 
"23 : 14 : 26",23.30597870000000, 
"23 : 14 : 27",23.31506150000000, 
"23 : 14 : 28",23.32406230000000, 
"23 : 14 : 29",23.36027330000000, 
"23 : 14 : 30",23.35669130000000, 
"23 : 14 : 31",23.34028050000000, 
"23 : 14 : 32",23.35590360000000, 
"23 : 14 : 33",23.34767910000000, 
"23 : 14 : 34",23.41056820000000, 
"23 : 14 : 35",23.42663190000000, 
"23 : 14 : 36",23.41198530000000, 
"23 : 14 : 37",23.43173210000000, 
"23 : 14 : 38",23.42419050000000, 
"23 : 14 : 39",23.39519110000000, 
"23 : 14 : 40",23.37033080000000, 
"23 : 14 : 41",23.36564820000000, 
"23 : 14 : 42",23.35475540000000, 
"23 : 14 : 43",23.37780760000000, 
"23 : 14 : 44",23.39820670000000, 
"23 : 14 : 45",23.39300150000000, 
"23 : 14 : 46",23.39842030000000, 
"23 : 14 : 47",23.40502920000000, 
"23 : 14 : 48",23.43670650000000, 
"23 : 14 : 49",23.42756840000000, 
"23 : 14 : 50",23.41885750000000, 
"23 : 14 : 51",23.41539950000000, 
"23 : 14 : 52",23.42705720000000, 
"23 : 14 : 53",23.42219350000000, 
"23 : 14 : 54",23.38790510000000, 
"23 : 14 : 55",23.36188690000000, 
"23 : 14 : 56",23.34825130000000, 
"23 : 14 : 57",23.33262820000000, 
"23 : 14 : 58",23.36622610000000, 
"23 : 14 : 59",23.40919680000000, 
"23 : 15 : 00",23.42226210000000, 
"23 : 15 : 01",23.40984720000000, 
"23 : 15 : 02",23.40455810000000, 
"23 : 15 : 03",23.40908810000000, 
"23 : 15 : 04",23.43807220000000, 
"23 : 15 : 05",23.47205350000000, 
"23 : 15 : 06",23.46913710000000, 
"23 : 15 : 07",23.47705650000000, 
"23 : 15 : 08",23.55248450000000, 
"23 : 15 : 09",23.52847670000000, 
"23 : 15 : 10",23.50127020000000, 
"23 : 15 : 11",23.56712910000000, 
"23 : 15 : 12",23.64614670000000, 
"23 : 15 : 13",23.61649320000000, 
"23 : 15 : 14",23.62609100000000, 
"23 : 15 : 15",23.58500860000000, 
"23 : 15 : 16",23.57554620000000, 
"23 : 15 : 17",23.54940790000000, 
"23 : 15 : 18",23.55100820000000, 
"23 : 15 : 19",23.47942350000000, 
"23 : 15 : 20",23.45948410000000, 
"23 : 15 : 21",23.47472950000000, 
"23 : 15 : 22",23.49792670000000, 
"23 : 15 : 23",23.52912710000000, 
"23 : 15 : 24",23.53733250000000, 
"23 : 15 : 25",23.52062790000000, 
"23 : 15 : 26",23.51070780000000, 
"23 : 15 : 27",23.48167030000000, 
"23 : 15 : 28",23.45158190000000, 
"23 : 15 : 29",23.46588890000000, 
"23 : 15 : 30",23.47851940000000, 
"23 : 15 : 31",23.48674960000000, 
"23 : 15 : 32",23.46602240000000, 
"23 : 15 : 33",23.49467840000000, 
"23 : 15 : 34",23.50897780000000, 
"23 : 15 : 35",23.50036810000000, 
"23 : 15 : 36",23.51217840000000, 
"23 : 15 : 37",23.52718920000000, 
"23 : 15 : 38",23.54676240000000, 
"23 : 15 : 39",23.55308910000000, 
"23 : 15 : 40",23.55827900000000, 
"23 : 15 : 41",23.55967900000000, 
"23 : 15 : 42",23.54707900000000, 
"23 : 15 : 43",23.53165810000000, 
"23 : 15 : 44",23.51021570000000, 
"23 : 15 : 45",23.51899330000000, 
"23 : 15 : 46",23.54934120000000, 
"23 : 15 : 47",23.56568710000000, 
"23 : 15 : 48",23.56262010000000, 
"23 : 15 : 49",23.55946730000000, 
"23 : 15 : 50",23.56216040000000, 
"23 : 15 : 51",23.54849050000000, 
"23 : 15 : 52",23.56317710000000, 
"23 : 15 : 53",23.57160180000000, 
"23 : 15 : 54",23.58130450000000, 
"23 : 15 : 55",23.59610740000000, 
"23 : 15 : 56",23.58972930000000, 
"23 : 15 : 57",23.57247160000000, 
"23 : 15 : 58",23.57898130000000, 
"23 : 15 : 59",23.58104510000000, 
"23 : 16 : 00",23.54260250000000, 
"23 : 16 : 01",23.46523470000000, 
"23 : 16 : 02",23.44426720000000, 
"23 : 16 : 03",23.42568580000000, 
"23 : 16 : 04",23.41359900000000, 
"23 : 16 : 05",23.45446200000000, 
"23 : 16 : 06",23.47323030000000, 
"23 : 16 : 07",23.45925900000000, 
"23 : 16 : 08",23.43531790000000, 
"23 : 16 : 09",23.39529800000000, 
"23 : 16 : 10",23.38027950000000, 
"23 : 16 : 11",23.44060130000000, 
"23 : 16 : 12",23.44383810000000, 
"23 : 16 : 13",23.38883590000000, 
"23 : 16 : 14",23.35389900000000, 
"23 : 16 : 15",23.36182400000000, 
"23 : 16 : 16",23.35787010000000, 
"23 : 16 : 17",23.34317770000000, 
"23 : 16 : 18",23.34304800000000, 
"23 : 16 : 19",23.33883850000000, 
"23 : 16 : 20",23.32309910000000, 
"23 : 16 : 21",23.31586830000000, 
"23 : 16 : 22",23.30353350000000, 
"23 : 16 : 23",23.29016870000000, 
"23 : 16 : 24",23.30003540000000, 
"23 : 16 : 25",23.30644600000000, 
"23 : 16 : 26",23.29024500000000, 
"23 : 16 : 27",23.24722290000000, 
"23 : 16 : 28",23.22070690000000, 
"23 : 16 : 29",23.20335380000000, 
"23 : 16 : 30",23.18878550000000, 
"23 : 16 : 31",23.16967960000000, 
"23 : 16 : 32",23.19178960000000, 
"23 : 16 : 33",23.18454170000000, 
"23 : 16 : 34",23.18520350000000, 
"23 : 16 : 35",23.17961500000000, 
"23 : 16 : 36",23.17283240000000, 
"23 : 16 : 37",23.17102620000000, 
"23 : 16 : 38",23.16234970000000, 
"23 : 16 : 39",23.15184590000000, 
"23 : 16 : 40",23.16067690000000, 
"23 : 16 : 41",23.19069090000000, 
"23 : 16 : 42",23.19887160000000, 
"23 : 16 : 43",23.19249530000000, 
"23 : 16 : 44",23.19564430000000, 
"23 : 16 : 45",23.17446130000000, 
"23 : 16 : 46",23.16495130000000, 
"23 : 16 : 47",23.16902160000000, 
"23 : 16 : 48",23.16265100000000, 
"23 : 16 : 49",23.16585920000000, 
"23 : 16 : 50",23.15635490000000, 
"23 : 16 : 51",23.16759680000000, 
"23 : 16 : 52",23.18316260000000, 
"23 : 16 : 53",23.18983070000000, 
"23 : 16 : 54",23.21014970000000, 
"23 : 16 : 55",23.25537680000000, 
"23 : 16 : 56",23.24645230000000, 
"23 : 16 : 57",23.24458500000000, 
"23 : 16 : 58",23.24586480000000, 
"23 : 16 : 59",23.24055670000000, 
"23 : 17 : 00",23.24780080000000, 
"23 : 17 : 01",23.25327110000000, 
"23 : 17 : 02",23.25848770000000, 
"23 : 17 : 03",23.25422660000000, 
"23 : 17 : 04",23.25298300000000, 
"23 : 17 : 05",23.22099300000000, 
"23 : 17 : 06",23.19161790000000, 
"23 : 17 : 07",23.16005320000000, 
"23 : 17 : 08",23.14297100000000, 
"23 : 17 : 09",23.12393370000000, 
"23 : 17 : 10",23.10134880000000, 
"23 : 17 : 11",23.12858390000000, 
"23 : 17 : 12",23.08397100000000, 
"23 : 17 : 13",23.06704130000000, 
"23 : 17 : 14",23.10279270000000, 
"23 : 17 : 15",23.14133450000000, 
"23 : 17 : 16",23.14495650000000, 
"23 : 17 : 17",23.13234320000000, 
"23 : 17 : 18",23.14916990000000, 
"23 : 17 : 19",23.15207670000000, 
"23 : 17 : 20",23.16501800000000, 
"23 : 17 : 21",23.17372700000000, 
"23 : 17 : 22",23.16519350000000, 
"23 : 17 : 23",23.15807910000000, 
"23 : 17 : 24",23.15590660000000, 
"23 : 17 : 25",23.15714640000000, 
"23 : 17 : 26",23.18293380000000, 
"23 : 17 : 27",23.18092340000000, 
"23 : 17 : 28",23.17661470000000, 
"23 : 17 : 29",23.17297740000000, 
"23 : 17 : 30",23.18236160000000, 
"23 : 17 : 31",23.18095200000000, 
"23 : 17 : 32",23.18472290000000, 
"23 : 17 : 33",23.17963790000000, 
"23 : 17 : 34",23.16543960000000, 
"23 : 17 : 35",23.18761440000000, 
"23 : 17 : 36",23.19233130000000, 
"23 : 17 : 37",23.18337240000000, 
"23 : 17 : 38",23.18810460000000, 
"23 : 17 : 39",23.18849940000000, 
"23 : 17 : 40",23.19478790000000, 
"23 : 17 : 41",23.18965530000000, 
"23 : 17 : 42",23.19016830000000, 
"23 : 17 : 43",23.18174170000000, 
"23 : 17 : 44",23.16606710000000, 
"23 : 17 : 45",23.13640020000000, 
"23 : 17 : 46",23.13251300000000, 
"23 : 17 : 47",23.13017080000000, 
"23 : 17 : 48",23.12810890000000, 
"23 : 17 : 49",23.13352390000000, 
"23 : 17 : 50",23.14056770000000, 
"23 : 17 : 51",23.14738650000000, 
"23 : 17 : 52",23.17423620000000, 
"23 : 17 : 53",23.18638030000000, 
"23 : 17 : 54",23.18975250000000, 
"23 : 17 : 55",23.16655150000000, 
"23 : 17 : 56",23.11958880000000, 
"23 : 17 : 57",23.13158220000000, 
"23 : 17 : 58",23.13867560000000, 
"23 : 17 : 59",23.17943950000000, 
"23 : 18 : 00",23.16721150000000, 
"23 : 18 : 01",23.17339130000000, 
"23 : 18 : 02",23.17267220000000, 
"23 : 18 : 03",23.17532150000000, 
"23 : 18 : 04",23.20779220000000, 
"23 : 18 : 05",23.23249810000000, 
"23 : 18 : 06",23.22806540000000, 
"23 : 18 : 07",23.20549960000000, 
"23 : 18 : 08",23.18127440000000, 
"23 : 18 : 09",23.20247260000000, 
"23 : 18 : 10",23.21382520000000, 
"23 : 18 : 11",23.19800940000000, 
"23 : 18 : 12",23.22863000000000, 
"23 : 18 : 13",23.25021550000000, 
"23 : 18 : 14",23.28503790000000, 
"23 : 18 : 15",23.34605970000000, 
"23 : 18 : 16",23.34659380000000, 
"23 : 18 : 17",23.34389110000000, 
"23 : 18 : 18",23.34937280000000, 
"23 : 18 : 19",23.36146540000000, 
"23 : 18 : 20",23.38112060000000, 
"23 : 18 : 21",23.37991900000000, 
"23 : 18 : 22",23.38323020000000, 
"23 : 18 : 24",23.38220970000000, 
"23 : 18 : 24",23.37237930000000, 
"23 : 18 : 25",23.36880300000000, 
"23 : 18 : 26",23.37240980000000, 
"23 : 18 : 27",23.39143750000000, 
"23 : 18 : 28",23.47721670000000, 
"23 : 18 : 29",23.50854870000000, 
"23 : 18 : 30",23.49273300000000, 
"23 : 18 : 31",23.51867100000000, 
"23 : 18 : 32",23.49127000000000, 
"23 : 18 : 33",23.47763440000000, 
"23 : 18 : 34",23.46191780000000, 
"23 : 18 : 35",23.46264450000000, 
"23 : 18 : 36",23.47670170000000, 
"23 : 18 : 37",23.51606170000000, 
"23 : 18 : 38",23.51076880000000, 
"23 : 18 : 39",23.48709670000000, 
"23 : 18 : 40",23.49505800000000, 
"23 : 18 : 41",23.46956060000000, 
"23 : 18 : 42",23.42763710000000, 
"23 : 18 : 43",23.37409400000000, 
"23 : 18 : 44",23.37550920000000, 
"23 : 18 : 45",23.36148450000000, 
"23 : 18 : 46",23.33199880000000, 
"23 : 18 : 47",23.31528280000000, 
"23 : 18 : 48",23.29465100000000, 
"23 : 18 : 49",23.26976770000000, 
"23 : 18 : 50",23.25331300000000, 
"23 : 18 : 52",23.24130430000000, 
"23 : 18 : 52",23.23985290000000, 
"23 : 18 : 53",23.22584150000000, 
"23 : 18 : 54",23.21063420000000, 
"23 : 18 : 55",23.21031370000000, 
"23 : 18 : 56",23.19618410000000, 
"23 : 18 : 57",23.19607160000000, 
"23 : 18 : 59",23.18664160000000, 
"23 : 18 : 59",23.17811390000000, 
"23 : 19 : 00",23.16954040000000, 
"23 : 19 : 02",23.16855810000000, 
"23 : 19 : 02",23.15481940000000, 
"23 : 19 : 03",23.15385620000000, 
"23 : 19 : 05",23.14589110000000, 
"23 : 19 : 05",23.15148730000000, 
"23 : 19 : 06",23.15715590000000, 
"23 : 19 : 07",23.14526740000000, 
"23 : 19 : 08",23.14937780000000, 
"23 : 19 : 10",23.14358130000000, 
"23 : 19 : 10",23.14446640000000, 
"23 : 19 : 12",23.12215990000000, 
"23 : 19 : 12",23.12332720000000, 
"23 : 19 : 13",23.11391060000000, 
"23 : 19 : 15",23.09994500000000, 
"23 : 19 : 15",23.08563040000000, 
"23 : 19 : 16",23.15182680000000, 
"23 : 19 : 17",23.19565390000000, 
"23 : 19 : 18",23.18931770000000, 
"23 : 19 : 19",23.16238020000000, 
"23 : 19 : 20",23.12345310000000, 
"23 : 19 : 22",23.05751030000000, 
"23 : 19 : 23",23.08161350000000, 
"23 : 19 : 24",23.11768530000000, 
"23 : 19 : 25",23.12966530000000, 
"23 : 19 : 26",23.11482040000000, 
"23 : 19 : 27",23.13738050000000, 
"23 : 19 : 28",23.14713660000000, 
"23 : 19 : 29",23.15371130000000, 
"23 : 19 : 30",23.17989920000000, 
"23 : 19 : 31",23.17370600000000, 
"23 : 19 : 32",23.17021750000000, 
"23 : 19 : 33",23.19261930000000, 
"23 : 19 : 34",23.19981190000000, 
"23 : 19 : 35",23.20071020000000, 
"23 : 19 : 36",23.16091150000000, 
"23 : 19 : 37",23.15099900000000, 
"23 : 19 : 38",23.14724340000000, 
"23 : 19 : 39",23.15299790000000, 
"23 : 19 : 40",23.15887260000000, 
"23 : 19 : 41",23.16362190000000, 
"23 : 19 : 42",23.15381620000000, 
"23 : 19 : 43",23.15167420000000, 
"23 : 19 : 44",23.13205140000000, 
"23 : 19 : 45",23.11894980000000, 
"23 : 19 : 46",23.12049100000000, 
"23 : 19 : 47",23.16732590000000, 
"23 : 19 : 48",23.17037770000000, 
"23 : 19 : 49",23.16956320000000, 
"23 : 19 : 50",23.15915870000000, 
"23 : 19 : 51",23.17560190000000, 
"23 : 19 : 52",23.17433730000000, 
"23 : 19 : 53",23.17073630000000, 
"23 : 19 : 54",23.16132540000000, 
"23 : 19 : 55",23.15358160000000, 
"23 : 19 : 56",23.14899440000000, 
"23 : 19 : 57",23.14051810000000, 
"23 : 19 : 58",23.15030090000000, 
"23 : 19 : 59",23.15942950000000, 
"23 : 20 : 00",23.14641180000000, 
"23 : 20 : 01",23.14056960000000, 
"23 : 20 : 02",23.13430020000000, 
"23 : 20 : 03",23.12744140000000, 
"23 : 20 : 04",23.13183020000000, 
"23 : 20 : 05",23.12763970000000, 
"23 : 20 : 06",23.12450020000000, 
"23 : 20 : 07",23.10085290000000, 
"23 : 20 : 08",23.08608240000000, 
"23 : 20 : 09",23.09732050000000, 
"23 : 20 : 10",23.09388160000000, 
"23 : 20 : 11",23.09112540000000, 
"23 : 20 : 12",23.09542650000000, 
"23 : 20 : 13",23.08478920000000, 
"23 : 20 : 14",23.07042690000000, 
"23 : 20 : 15",23.08086770000000, 
"23 : 20 : 16",23.07828330000000, 
"23 : 20 : 17",23.05475230000000, 
"23 : 20 : 18",23.04253000000000, 
"23 : 20 : 19",23.03262320000000, 
"23 : 20 : 20",23.02042770000000, 
"23 : 20 : 21",23.03486440000000, 
"23 : 20 : 22",23.04906460000000, 
"23 : 20 : 23",23.06905360000000, 
"23 : 20 : 24",23.07869520000000, 
"23 : 20 : 25",23.08029550000000, 
"23 : 20 : 26",23.07626910000000, 
"23 : 20 : 27",23.08631700000000, 
"23 : 20 : 28",23.07761380000000, 
"23 : 20 : 29",23.08414070000000, 
"23 : 20 : 30",23.09401890000000, 
"23 : 20 : 31",23.12834160000000, 
"23 : 20 : 32",23.12997430000000, 
"23 : 20 : 33",23.12648200000000, 
"23 : 20 : 34",23.13170430000000, 
"23 : 20 : 35",23.12452690000000, 
"23 : 20 : 36",23.10689350000000, 
"23 : 20 : 37",23.08388130000000, 
"23 : 20 : 38",23.07764810000000, 
"23 : 20 : 39",23.08232300000000, 
"23 : 20 : 40",23.08454700000000, 
"23 : 20 : 41",23.07441320000000, 
"23 : 20 : 42",23.04296300000000, 
"23 : 20 : 43",22.97337530000000, 
"23 : 20 : 44",22.98079870000000, 
"23 : 20 : 45",22.97704310000000, 
"23 : 20 : 46",22.96870990000000, 
"23 : 20 : 47",22.98791690000000, 
"23 : 20 : 48",23.08609770000000, 
"23 : 20 : 49",23.08058540000000, 
"23 : 20 : 50",23.06778330000000, 
"23 : 20 : 51",23.06126780000000, 
"23 : 20 : 52",23.07467070000000, 
"23 : 20 : 53",23.08705520000000, 
"23 : 20 : 54",23.22917930000000, 
"23 : 20 : 55",23.30932230000000, 
"23 : 20 : 56",23.22992890000000, 
"23 : 20 : 57",23.19481840000000, 
"23 : 20 : 58",23.17242430000000, 
"23 : 20 : 59",23.15993490000000, 
"23 : 21 : 00",23.12343780000000, 
"23 : 21 : 01",23.11701390000000, 
"23 : 21 : 02",23.10441010000000, 
"23 : 21 : 03",23.09869000000000, 
"23 : 21 : 04",23.11267280000000, 
"23 : 21 : 05",23.11801140000000, 
"23 : 21 : 06",23.13391680000000, 
"23 : 21 : 07",23.13241190000000, 
"23 : 21 : 08",23.13407890000000, 
"23 : 21 : 09",23.12439150000000, 
"23 : 21 : 10",23.13748160000000, 
"23 : 21 : 11",23.14033690000000, 
"23 : 21 : 12",23.15398590000000, 
"23 : 21 : 13",23.15440550000000, 
"23 : 21 : 14",23.15426820000000, 
"23 : 21 : 15",23.19661900000000, 
"23 : 21 : 16",23.20562930000000, 
"23 : 21 : 17",23.19610780000000, 
"23 : 21 : 18",23.20236200000000, 
"23 : 21 : 19",23.21679680000000, 
"23 : 21 : 20",23.22365370000000, 
"23 : 21 : 21",23.23555750000000, 
"23 : 21 : 22",23.24811360000000, 
"23 : 21 : 23",23.26481050000000, 
"23 : 21 : 24",23.27938460000000, 
"23 : 21 : 25",23.26424980000000, 
"23 : 21 : 26",23.28150740000000, 
"23 : 21 : 27",23.28247450000000, 
"23 : 21 : 28",23.30902670000000, 
"23 : 21 : 29",23.33614540000000, 
"23 : 21 : 30",23.33719250000000, 
"23 : 21 : 31",23.33818240000000, 
"23 : 21 : 32",23.34495920000000, 
"23 : 21 : 33",23.34742540000000, 
"23 : 21 : 34",23.33735080000000, 
"23 : 21 : 35",23.34857170000000, 
"23 : 21 : 36",23.33039850000000, 
"23 : 21 : 37",23.32107920000000, 
"23 : 21 : 38",23.30350680000000, 
"23 : 21 : 39",23.36362260000000, 
"23 : 21 : 40",23.36932560000000, 
"23 : 21 : 41",23.37897100000000, 
"23 : 21 : 42",23.39651100000000, 
"23 : 21 : 43",23.41823950000000, 
"23 : 21 : 44",23.41390800000000, 
"23 : 21 : 45",23.41507530000000, 
"23 : 21 : 46",23.39098350000000, 
"23 : 21 : 47",23.39726820000000, 
"23 : 21 : 48",23.39018630000000, 
"23 : 21 : 49",23.34811400000000, 
"23 : 21 : 50",23.31279940000000, 
"23 : 21 : 51",23.32423590000000, 
"23 : 21 : 52",23.32007590000000, 
"23 : 21 : 53",23.30240820000000, 
"23 : 21 : 54",23.35587310000000, 
"23 : 21 : 55",23.36165040000000, 
"23 : 21 : 56",23.37116240000000, 
"23 : 21 : 57",23.37198630000000, 
"23 : 21 : 58",23.37791440000000, 
"23 : 21 : 59",23.43893240000000, 
"23 : 22 : 00",23.42104910000000, 
"23 : 22 : 01",23.40887640000000, 
"23 : 22 : 02",23.45983310000000, 
"23 : 22 : 03",23.44403450000000, 
"23 : 22 : 04",23.38499450000000, 
"23 : 22 : 05",23.32732390000000, 
"23 : 22 : 06",23.23272890000000, 
"23 : 22 : 07",23.17884060000000, 
"23 : 22 : 08",23.17129130000000, 
"23 : 22 : 09",23.16531940000000, 
"23 : 22 : 10",23.16179080000000, 
"23 : 22 : 11",23.17132750000000, 
"23 : 22 : 12",23.17548370000000, 
"23 : 22 : 13",23.19343940000000, 
"23 : 22 : 14",23.20013800000000, 
"23 : 22 : 15",23.20549770000000, 
"23 : 22 : 16",23.20899200000000, 
"23 : 22 : 17",23.24703780000000, 
"23 : 22 : 18",23.28836820000000, 
"23 : 22 : 19",23.31376830000000, 
"23 : 22 : 20",23.30004880000000, 
"23 : 22 : 21",23.28975290000000, 
"23 : 22 : 22",23.28398510000000, 
"23 : 22 : 23",23.25015440000000, 
"23 : 22 : 24",23.21845050000000, 
"23 : 22 : 25",23.19408410000000, 
"23 : 22 : 26",23.16514390000000, 
"23 : 22 : 27",23.15397450000000, 
"23 : 22 : 28",23.15248480000000, 
"23 : 22 : 29",23.16525450000000, 
"23 : 22 : 30",23.17024230000000, 
"23 : 22 : 31",23.15034100000000, 
"23 : 22 : 32",23.14002990000000, 
"23 : 22 : 33",23.13598440000000, 
"23 : 22 : 34",23.13537210000000, 
"23 : 22 : 35",23.13072960000000, 
"23 : 22 : 36",23.12736510000000, 
"23 : 22 : 37",23.13238140000000, 
"23 : 22 : 38",23.14464560000000, 
"23 : 22 : 39",23.14726250000000, 
"23 : 22 : 40",23.15484610000000, 
"23 : 22 : 41",23.15478510000000, 
"23 : 22 : 42",23.14128680000000, 
"23 : 22 : 43",23.14209930000000, 
"23 : 22 : 44",23.12312120000000, 
"23 : 22 : 45",23.13201140000000, 
"23 : 22 : 46",23.13741870000000, 
"23 : 22 : 47",23.15438650000000, 
"23 : 22 : 48",23.14662930000000, 
"23 : 22 : 49",23.12668030000000, 
"23 : 22 : 50",23.11408420000000, 
"23 : 22 : 51",23.12847700000000, 
"23 : 22 : 52",23.11668010000000, 
"23 : 22 : 53",23.10495940000000, 
"23 : 22 : 54",23.11121740000000, 
"23 : 22 : 55",23.10520170000000, 
"23 : 22 : 56",23.12978740000000, 
"23 : 22 : 57",23.14547340000000, 
"23 : 22 : 58",23.15970800000000, 
"23 : 22 : 59",23.20837400000000, 
"23 : 23 : 00",23.20177650000000, 
"23 : 23 : 01",23.19116780000000, 
"23 : 23 : 02",23.20505900000000, 
"23 : 23 : 03",23.22747610000000, 
"23 : 23 : 04",23.25995630000000, 
"23 : 23 : 05",23.29710380000000, 
"23 : 23 : 06",23.32301130000000, 
"23 : 23 : 07",23.35829160000000, 
"23 : 23 : 08",23.34490770000000, 
"23 : 23 : 09",23.33715240000000, 
"23 : 23 : 10",23.26295470000000, 
"23 : 23 : 11",23.22574610000000, 
"23 : 23 : 12",23.24023430000000, 
"23 : 23 : 13",23.26875490000000, 
"23 : 23 : 14",23.31895060000000, 
"23 : 23 : 15",23.36192130000000, 
"23 : 23 : 16",23.37601080000000, 
"23 : 23 : 17",23.39746470000000, 
"23 : 23 : 18",23.41720000000000, 
"23 : 23 : 19",23.43613620000000, 
"23 : 23 : 20",23.48771850000000, 
"23 : 23 : 21",23.46392050000000, 
"23 : 23 : 22",23.42335700000000, 
"23 : 23 : 23",23.40094750000000, 
"23 : 23 : 24",23.37438200000000, 
"23 : 23 : 25",23.34200470000000, 
"23 : 23 : 26",23.33390610000000, 
"23 : 23 : 28",23.29284090000000, 
"23 : 23 : 28",23.27727120000000, 
"23 : 23 : 29",23.29243850000000, 
"23 : 23 : 30",23.28979110000000, 
"23 : 23 : 31",23.30198470000000, 
"23 : 23 : 32",23.30513000000000, 
"23 : 23 : 33",23.30025860000000, 
"23 : 23 : 34",23.30803100000000, 
"23 : 23 : 35",23.31177130000000, 
"23 : 23 : 36",23.32300750000000, 
"23 : 23 : 37",23.33414450000000, 
"23 : 23 : 38",23.33127020000000, 
"23 : 23 : 39",23.36128230000000, 
"23 : 23 : 40",23.37819480000000, 
"23 : 23 : 41",23.41604040000000, 
"23 : 23 : 42",23.42744820000000, 
"23 : 23 : 43",23.44296260000000, 
"23 : 23 : 44",23.43790810000000, 
"23 : 23 : 46",23.44396010000000, 
"23 : 23 : 46",23.43291660000000, 
"23 : 23 : 47",23.44093510000000, 
"23 : 23 : 48",23.46366690000000, 
"23 : 23 : 49",23.46864310000000, 
"23 : 23 : 50",23.47520630000000, 
"23 : 23 : 51",23.45890230000000, 
"23 : 23 : 52",23.45123480000000, 
"23 : 23 : 53",23.41950600000000, 
"23 : 23 : 54",23.40303030000000, 
"23 : 23 : 55",23.38377570000000, 
"23 : 23 : 56",23.34572210000000, 
"23 : 23 : 57",23.35660740000000, 
"23 : 23 : 58",23.40348810000000, 
"23 : 23 : 59",23.41619680000000, 
"23 : 24 : 00",23.41742130000000, 
"23 : 24 : 01",23.42796700000000, 
"23 : 24 : 02",23.42289540000000, 
"23 : 24 : 03",23.43935580000000, 
"23 : 24 : 04",23.46354290000000, 
"23 : 24 : 05",23.45357700000000, 
"23 : 24 : 06",23.44450370000000, 
"23 : 24 : 07",23.44413940000000, 
"23 : 24 : 08",23.44387810000000, 
"23 : 24 : 09",23.47609320000000, 
"23 : 24 : 11",23.46323770000000, 
"23 : 24 : 11",23.46845810000000, 
"23 : 24 : 13",23.52576440000000, 
"23 : 24 : 14",23.54619970000000, 
"23 : 24 : 14",23.59660330000000, 
"23 : 24 : 15",23.64285080000000, 
"23 : 24 : 17",23.69456670000000, 
"23 : 24 : 17",23.62949370000000, 
"23 : 24 : 18",23.56109610000000, 
"23 : 24 : 19",23.55469510000000, 
"23 : 24 : 20",23.54148100000000, 
"23 : 24 : 21",23.52778240000000, 
"23 : 24 : 22",23.60959240000000, 
"23 : 24 : 24",23.53297610000000, 
"23 : 24 : 24",23.47804450000000, 
"23 : 24 : 25",23.40961830000000, 
"23 : 24 : 27",23.36909480000000, 
"23 : 24 : 27",23.34591670000000, 
"23 : 24 : 29",23.31441870000000, 
"23 : 24 : 30",23.28933330000000, 
"23 : 24 : 31",23.28657150000000, 
"23 : 24 : 32",23.27156060000000, 
"23 : 24 : 33",23.26791760000000, 
"23 : 24 : 34",23.26308250000000, 
"23 : 24 : 35",23.26507180000000, 
"23 : 24 : 36",23.25938410000000, 
"23 : 24 : 37",23.25857730000000, 
"23 : 24 : 38",23.25051680000000, 
"23 : 24 : 39",23.25466720000000, 
"23 : 24 : 40",23.24206350000000, 
"23 : 24 : 41",23.23618690000000, 
"23 : 24 : 42",23.23398200000000, 
"23 : 24 : 43",23.26015660000000, 
"23 : 24 : 44",23.26039120000000, 
"23 : 24 : 45",23.24449340000000, 
"23 : 24 : 46",23.23382180000000, 
"23 : 24 : 47",23.24447440000000, 
"23 : 24 : 48",23.24928660000000, 
"23 : 24 : 49",23.28153610000000, 
"23 : 24 : 50",23.28991880000000, 
"23 : 24 : 51",23.29909890000000, 
"23 : 24 : 52",23.30574600000000, 
"23 : 24 : 53",23.30753510000000, 
"23 : 24 : 54",23.32407950000000, 
"23 : 24 : 55",23.31978790000000, 
"23 : 24 : 56",23.27333060000000, 
"23 : 24 : 57",23.25264930000000, 
"23 : 24 : 58",23.23187820000000, 
"23 : 24 : 59",23.17255400000000, 
"23 : 25 : 00",23.15852540000000, 
"23 : 25 : 01",23.16611280000000, 
"23 : 25 : 02",23.13281820000000, 
"23 : 25 : 03",23.12023350000000, 
"23 : 25 : 04",23.13973800000000, 
"23 : 25 : 05",23.17837520000000, 
"23 : 25 : 06",23.20396230000000, 
"23 : 25 : 07",23.26433560000000, 
"23 : 25 : 08",23.28340140000000, 
"23 : 25 : 09",23.31048200000000, 
"23 : 25 : 10",23.35531610000000, 
"23 : 25 : 11",23.38812820000000, 
"23 : 25 : 12",23.40878480000000, 
"23 : 25 : 13",23.44219390000000, 
"23 : 25 : 14",23.44649880000000, 
"23 : 25 : 15",23.46797370000000, 
"23 : 25 : 16",23.52968020000000, 
"23 : 25 : 17",23.53323360000000, 
"23 : 25 : 18",23.54581060000000, 
"23 : 25 : 19",23.58320040000000, 
"23 : 25 : 20",23.57797620000000, 
"23 : 25 : 21",23.63116260000000, 
"23 : 25 : 22",23.66791530000000, 
"23 : 25 : 23",23.71309080000000, 
"23 : 25 : 24",23.70553010000000, 
"23 : 25 : 25",23.70084950000000, 
"23 : 25 : 26",23.70213690000000, 
"23 : 25 : 27",23.65771290000000, 
"23 : 25 : 28",23.62127490000000, 
"23 : 25 : 29",23.61660950000000, 
"23 : 25 : 30",23.62327950000000, 
"23 : 25 : 31",23.63201710000000, 
"23 : 25 : 32",23.63988110000000, 
"23 : 25 : 33",23.66282840000000, 
"23 : 25 : 34",23.65727230000000, 
"23 : 25 : 35",23.71208950000000, 
"23 : 25 : 36",23.74359510000000, 
"23 : 25 : 37",23.73470110000000, 
"23 : 25 : 38",23.70701020000000, 
"23 : 25 : 39",23.67023840000000, 
"23 : 25 : 40",23.66965290000000, 
"23 : 25 : 41",23.65095130000000, 
"23 : 25 : 42",23.64449110000000, 
"23 : 25 : 43",23.65668860000000, 
"23 : 25 : 44",23.61956020000000, 
"23 : 25 : 45",23.57756990000000, 
"23 : 25 : 46",23.57130240000000, 
"23 : 25 : 47",23.54494660000000, 
"23 : 25 : 48",23.53706350000000, 
"23 : 25 : 49",23.53227420000000, 
"23 : 25 : 50",23.51791000000000, 
"23 : 25 : 51",23.51432410000000, 
"23 : 25 : 52",23.55857650000000, 
"23 : 25 : 53",23.59943770000000, 
"23 : 25 : 54",23.55398750000000, 
"23 : 25 : 55",23.49876400000000, 
"23 : 25 : 56",23.44089880000000, 
"23 : 25 : 57",23.41926000000000, 
"23 : 25 : 58",23.43971060000000, 
"23 : 25 : 59",23.41875830000000, 
"23 : 26 : 00",23.38798140000000, 
"23 : 26 : 01",23.41496650000000, 
"23 : 26 : 02",23.46068000000000, 
"23 : 26 : 03",23.42716970000000, 
"23 : 26 : 04",23.44608870000000, 
"23 : 26 : 05",23.44274520000000, 
"23 : 26 : 06",23.38966750000000, 
"23 : 26 : 07",23.35383980000000, 
"23 : 26 : 08",23.31877700000000, 
"23 : 26 : 09",23.30064960000000, 
"23 : 26 : 10",23.27984610000000, 
"23 : 26 : 11",23.26548570000000, 
"23 : 26 : 12",23.20223420000000, 
"23 : 26 : 13",23.17893790000000, 
"23 : 26 : 14",23.21380800000000, 
"23 : 26 : 15",23.26076880000000, 
"23 : 26 : 16",23.20139310000000, 
"23 : 26 : 17",23.17600820000000, 
"23 : 26 : 18",23.16286460000000, 
"23 : 26 : 19",23.19453230000000, 
"23 : 26 : 20",23.23276710000000, 
"23 : 26 : 21",23.31772800000000, 
"23 : 26 : 22",23.36753080000000, 
"23 : 26 : 23",23.36672400000000, 
"23 : 26 : 24",23.40161890000000, 
"23 : 26 : 25",23.42483130000000, 
"23 : 26 : 26",23.42861930000000, 
"23 : 26 : 27",23.45737830000000, 
"23 : 26 : 28",23.46068380000000, 
"23 : 26 : 29",23.46942710000000, 
"23 : 26 : 30",23.46451560000000, 
"23 : 26 : 31",23.44132230000000, 
"23 : 26 : 32",23.42720600000000, 
"23 : 26 : 33",23.45678520000000, 
"23 : 26 : 34",23.42438880000000, 
"23 : 26 : 35",23.41972540000000, 
"23 : 26 : 36",23.38516610000000, 
"23 : 26 : 37",23.34197800000000, 
"23 : 26 : 38",23.37334630000000, 
"23 : 26 : 39",23.40463630000000, 
"23 : 26 : 40",23.36902800000000, 
"23 : 26 : 41",23.32889930000000, 
"23 : 26 : 42",23.30336950000000, 
"23 : 26 : 43",23.28239820000000, 
"23 : 26 : 44",23.26679610000000, 
"23 : 26 : 45",23.26233670000000, 
"23 : 26 : 46",23.25039480000000, 
"23 : 26 : 47",23.23129650000000, 
"23 : 26 : 48",23.20175740000000, 
"23 : 26 : 49",23.20323940000000, 
"23 : 26 : 50",23.15571970000000, 
"23 : 26 : 51",23.12286560000000, 
"23 : 26 : 52",23.09081260000000, 
"23 : 26 : 53",23.09754560000000, 
"23 : 26 : 54",23.11435500000000, 
"23 : 26 : 55",23.11543840000000, 
"23 : 26 : 56",23.11173430000000, 
"23 : 26 : 57",23.14082900000000, 
"23 : 26 : 58",23.12985800000000, 
"23 : 26 : 59",23.16657630000000, 
"23 : 27 : 00",23.15027420000000, 
"23 : 27 : 01",23.08608050000000, 
"23 : 27 : 02",23.07100290000000, 
"23 : 27 : 03",23.07208250000000, 
"23 : 27 : 04",23.07446090000000, 
"23 : 27 : 05",23.06502720000000, 
"23 : 27 : 06",23.05923270000000, 
"23 : 27 : 07",23.06079480000000, 
"23 : 27 : 08",23.06839170000000, 
"23 : 27 : 09",23.08784860000000, 
"23 : 27 : 10",23.08544730000000, 
"23 : 27 : 11",23.09655380000000, 
"23 : 27 : 12",23.11826510000000, 
"23 : 27 : 13",23.14730450000000, 
"23 : 27 : 14",23.17424770000000, 
"23 : 27 : 15",23.20264240000000, 
"23 : 27 : 16",23.20148650000000, 
"23 : 27 : 17",23.19313620000000, 
"23 : 27 : 18",23.20788190000000, 
"23 : 27 : 19",23.21872710000000, 
"23 : 27 : 20",23.22798150000000, 
"23 : 27 : 21",23.23286620000000, 
"23 : 27 : 22",23.24370380000000, 
"23 : 27 : 23",23.24682800000000, 
"23 : 27 : 24",23.24828520000000, 
"23 : 27 : 25",23.25770180000000, 
"23 : 27 : 26",23.25672910000000, 
"23 : 27 : 27",23.24407190000000, 
"23 : 27 : 28",23.22603410000000, 
"23 : 27 : 29",23.23351660000000, 
"23 : 27 : 30",23.24041550000000, 
"23 : 27 : 31",23.21951290000000, 
"23 : 27 : 32",23.21492950000000, 
"23 : 27 : 33",23.22472380000000, 
"23 : 27 : 34",23.23183050000000, 
"23 : 27 : 35",23.23005100000000, 
"23 : 27 : 36",23.26478760000000, 
"23 : 27 : 37",23.27203550000000, 
"23 : 27 : 38",23.28922650000000, 
"23 : 27 : 39",23.34826270000000, 
"23 : 27 : 40",23.38292310000000, 
"23 : 27 : 41",23.41390030000000, 
"23 : 27 : 42",23.43885610000000, 
"23 : 27 : 43",23.42996590000000, 
"23 : 27 : 44",23.32980150000000, 
"23 : 27 : 45",23.23914520000000, 
"23 : 27 : 46",23.17697900000000, 
"23 : 27 : 47",23.14178650000000, 
"23 : 27 : 48",23.11676400000000, 
"23 : 27 : 49",23.14921560000000, 
"23 : 27 : 50",23.14877700000000, 
"23 : 27 : 51",23.14468190000000, 
"23 : 27 : 52",23.13396070000000, 
"23 : 27 : 53",23.12960050000000, 
"23 : 27 : 54",23.11549370000000, 
"23 : 27 : 55",23.11364930000000, 
"23 : 27 : 56",23.10973350000000, 
"23 : 27 : 57",23.11844630000000, 
"23 : 27 : 58",23.12169260000000, 
"23 : 27 : 59",23.13385200000000, 
"23 : 28 : 00",23.15925590000000, 
"23 : 28 : 01",23.16294280000000, 
"23 : 28 : 02",23.19846720000000, 
"23 : 28 : 03",23.19395060000000, 
"23 : 28 : 04",23.16410440000000, 
"23 : 28 : 05",23.15387720000000, 
"23 : 28 : 06",23.13799660000000, 
"23 : 28 : 07",23.13960830000000, 
"23 : 28 : 08",23.11894600000000, 
"23 : 28 : 09",23.09991070000000, 
"23 : 28 : 10",23.10354040000000, 
"23 : 28 : 11",23.11876290000000, 
"23 : 28 : 12",23.12143700000000, 
"23 : 28 : 13",23.13412850000000, 
"23 : 28 : 14",23.13412660000000, 
"23 : 28 : 15",23.11766810000000, 
"23 : 28 : 16",23.14546390000000, 
"23 : 28 : 17",23.15084640000000, 
"23 : 28 : 18",23.15597720000000, 
"23 : 28 : 19",23.13492010000000, 
"23 : 28 : 20",23.12117000000000, 
"23 : 28 : 21",23.11065860000000, 
"23 : 28 : 22",23.13172720000000, 
"23 : 28 : 23",23.21216770000000, 
"23 : 28 : 24",23.18039130000000, 
"23 : 28 : 25",23.18707460000000, 
"23 : 28 : 26",23.18387600000000, 
"23 : 28 : 27",23.17226600000000, 
"23 : 28 : 28",23.19183540000000, 
"23 : 28 : 29",23.16692540000000, 
"23 : 28 : 30",23.17453000000000, 
"23 : 28 : 31",23.19818300000000, 
"23 : 28 : 32",23.15534970000000, 
"23 : 28 : 33",23.15653990000000, 
"23 : 28 : 34",23.12084960000000, 
"23 : 28 : 35",23.11145780000000, 
"23 : 28 : 36",23.11685560000000, 
"23 : 28 : 37",23.10427660000000, 
"23 : 28 : 38",23.09618180000000, 
"23 : 28 : 39",23.09249490000000, 
"23 : 28 : 40",23.11102670000000, 
"23 : 28 : 41",23.10222430000000, 
"23 : 28 : 42",23.09531970000000, 
"23 : 28 : 43",23.08500480000000, 
"23 : 28 : 44",23.07422630000000, 
"23 : 28 : 45",23.09932130000000, 
"23 : 28 : 46",23.10079190000000, 
"23 : 28 : 47",23.08286280000000, 
"23 : 28 : 48",23.07228460000000, 
"23 : 28 : 49",23.06289670000000, 
"23 : 28 : 50",23.05285830000000, 
"23 : 28 : 51",23.06298060000000, 
"23 : 28 : 52",23.06051440000000, 
"23 : 28 : 53",23.06483840000000, 
"23 : 28 : 54",23.06229780000000, 
"23 : 28 : 55",23.05593680000000, 
"23 : 28 : 56",23.04768940000000, 
"23 : 28 : 57",23.05950160000000, 
"23 : 28 : 58",23.06018630000000, 
"23 : 28 : 59",23.05230140000000, 
"23 : 29 : 00",23.04876510000000, 
"23 : 29 : 01",23.05246730000000, 
"23 : 29 : 02",23.05520620000000, 
"23 : 29 : 03",23.04709050000000, 
"23 : 29 : 04",23.03481670000000, 
"23 : 29 : 05",23.06371680000000, 
"23 : 29 : 06",23.06434820000000, 
"23 : 29 : 07",23.05022810000000, 
"23 : 29 : 08",23.03776550000000, 
"23 : 29 : 09",23.04809570000000, 
"23 : 29 : 10",23.04611200000000, 
"23 : 29 : 11",23.04204750000000, 
"23 : 29 : 12",23.04496000000000, 
"23 : 29 : 13",23.06571190000000, 
"23 : 29 : 14",23.08998680000000, 
"23 : 29 : 15",23.07996740000000, 
"23 : 29 : 16",23.09237860000000, 
"23 : 29 : 17",23.09603880000000, 
"23 : 29 : 18",23.09300800000000, 
"23 : 29 : 19",23.06339070000000, 
"23 : 29 : 21",23.08541480000000, 
"23 : 29 : 21",23.10111800000000, 
"23 : 29 : 22",23.11100190000000, 
"23 : 29 : 23",23.09334560000000, 
"23 : 29 : 24",23.09158510000000, 
"23 : 29 : 25",23.08165740000000, 
"23 : 29 : 26",23.08330720000000, 
"23 : 29 : 27",23.07203860000000, 
"23 : 29 : 28",23.07971190000000, 
"23 : 29 : 29",23.08303070000000, 
"23 : 29 : 30",23.08120910000000, 
"23 : 29 : 31",23.07549090000000, 
"23 : 29 : 32",23.06376830000000, 
"23 : 29 : 34",23.04293820000000, 
"23 : 29 : 34",23.03763000000000, 
"23 : 29 : 35",23.05249780000000, 
"23 : 29 : 36",23.05691140000000, 
"23 : 29 : 37",23.08089630000000, 
"23 : 29 : 38",23.10071750000000, 
"23 : 29 : 39",23.10918040000000, 
"23 : 29 : 40",23.09153740000000, 
"23 : 29 : 41",23.09055900000000, 
"23 : 29 : 42",23.06580920000000, 
"23 : 29 : 43",23.04835890000000, 
"23 : 29 : 44",23.05314440000000, 
"23 : 29 : 45",23.05808060000000, 
"23 : 29 : 47",23.06643290000000, 
"23 : 29 : 47",23.07741540000000, 
"23 : 29 : 48",23.08529850000000, 
"23 : 29 : 49",23.10137740000000, 
"23 : 29 : 50",23.12361140000000, 
"23 : 29 : 51",23.12885090000000, 
"23 : 29 : 52",23.12829200000000, 
"23 : 29 : 53",23.11683270000000, 
"23 : 29 : 54",23.11770430000000, 
"23 : 29 : 55",23.12467950000000, 
"23 : 29 : 56",23.11220160000000, 
"23 : 29 : 57",23.11681170000000, 
"23 : 29 : 58",23.11507030000000, 
"23 : 30 : 00",23.10015860000000, 
"23 : 30 : 00",23.09358020000000, 
"23 : 30 : 01",23.08633610000000, 
"23 : 30 : 03",23.08451080000000, 
"23 : 30 : 03",23.07647130000000, 
"23 : 30 : 04",23.07546610000000, 
"23 : 30 : 05",23.06362150000000, 
"23 : 30 : 06",23.06924620000000, 
"23 : 30 : 07",23.06977460000000, 
"23 : 30 : 08",23.07418250000000, 
"23 : 30 : 09",23.08803360000000, 
"23 : 30 : 11",23.06565660000000, 
"23 : 30 : 11",23.06428710000000, 
"23 : 30 : 12",23.06580730000000, 
"23 : 30 : 13",23.05279920000000, 
"23 : 30 : 14",23.05535880000000, 
"23 : 30 : 15",23.05427360000000, 
"23 : 30 : 16",23.03956790000000, 
"23 : 30 : 18",23.01115410000000, 
"23 : 30 : 18",23.02569770000000, 
"23 : 30 : 19",23.00167270000000, 
"23 : 30 : 21",23.00824730000000, 
"23 : 30 : 21",23.02365680000000, 
"23 : 30 : 22",23.02705190000000, 
"23 : 30 : 24",23.02826300000000, 
"23 : 30 : 24",23.02164260000000, 
"23 : 30 : 25",23.03317640000000, 
"23 : 30 : 26",23.04584120000000, 
"23 : 30 : 27",23.05897520000000, 
"23 : 30 : 28",23.05362510000000, 
"23 : 30 : 29",23.05687710000000, 
"23 : 30 : 31",23.06385420000000, 
"23 : 30 : 31",23.07490730000000, 
"23 : 30 : 32",23.05912390000000, 
"23 : 30 : 34",23.06050100000000, 
"23 : 30 : 34",23.06808850000000, 
"23 : 30 : 35",23.07271190000000, 
"23 : 30 : 36",23.08198350000000, 
"23 : 30 : 37",23.11594200000000, 
"23 : 30 : 38",23.12618820000000, 
"23 : 30 : 39",23.14042470000000, 
"23 : 30 : 40",23.15427580000000, 
"23 : 30 : 42",23.15948860000000, 
"23 : 30 : 43",23.14209170000000, 
"23 : 30 : 44",23.11213300000000, 
"23 : 30 : 44",23.08653060000000, 
"23 : 30 : 46",23.10240550000000, 
"23 : 30 : 47",23.10138700000000, 
"23 : 30 : 48",23.10429380000000, 
"23 : 30 : 49",23.11235230000000, 
"23 : 30 : 50",23.10524740000000, 
"23 : 30 : 51",23.11330790000000, 
"23 : 30 : 52",23.10504150000000, 
"23 : 30 : 53",23.08259960000000, 
"23 : 30 : 54",23.11125180000000, 
"23 : 30 : 55",23.10598750000000, 
"23 : 30 : 56",23.08271020000000, 
"23 : 30 : 57",23.07645030000000, 
"23 : 30 : 58",23.08462520000000, 
"23 : 30 : 59",23.08938020000000, 
"23 : 31 : 00",23.08749190000000, 
"23 : 31 : 01",23.09078400000000, 
"23 : 31 : 02",23.09099190000000, 
"23 : 31 : 03",23.07307050000000, 
"23 : 31 : 04",23.06618880000000, 
"23 : 31 : 05",23.06779280000000, 
"23 : 31 : 06",23.07528490000000, 
"23 : 31 : 07",23.07866470000000, 
"23 : 31 : 08",23.08672900000000, 
"23 : 31 : 09",23.09573550000000, 
"23 : 31 : 10",23.09873960000000, 
"23 : 31 : 11",23.10334580000000, 
"23 : 31 : 12",23.10208700000000, 
"23 : 31 : 13",23.10274880000000, 
"23 : 31 : 14",23.08362960000000, 
"23 : 31 : 15",23.08180800000000, 
"23 : 31 : 16",23.08097070000000, 
"23 : 31 : 17",23.07859230000000, 
"23 : 31 : 18",23.06915470000000, 
"23 : 31 : 19",23.05948630000000, 
"23 : 31 : 20",23.06559750000000, 
"23 : 31 : 21",23.07205390000000, 
"23 : 31 : 22",23.07964130000000, 
"23 : 31 : 23",23.09578320000000, 
"23 : 31 : 24",23.08545680000000, 
"23 : 31 : 25",23.08793440000000, 
"23 : 31 : 26",23.08135600000000, 
"23 : 31 : 27",23.04725070000000, 
"23 : 31 : 28",23.03966140000000, 
"23 : 31 : 29",23.04514880000000, 
"23 : 31 : 30",23.04807090000000, 
"23 : 31 : 31",23.04836270000000, 
"23 : 31 : 32",23.05109400000000, 
"23 : 31 : 33",23.05877680000000, 
"23 : 31 : 34",23.05965610000000, 
"23 : 31 : 35",23.06270210000000, 
"23 : 31 : 36",23.05596920000000, 
"23 : 31 : 37",23.06904020000000, 
"23 : 31 : 38",23.08266440000000, 
"23 : 31 : 39",23.08905600000000, 
"23 : 31 : 40",23.11652750000000, 
"23 : 31 : 41",23.07301130000000, 
"23 : 31 : 42",23.06142420000000, 
"23 : 31 : 43",23.07658190000000, 
"23 : 31 : 44",23.10777850000000, 
"23 : 31 : 45",23.14046470000000, 
"23 : 31 : 46",23.18069640000000, 
"23 : 31 : 47",23.18570130000000, 
"23 : 31 : 48",23.23788070000000, 
"23 : 31 : 49",23.25406450000000, 
"23 : 31 : 50",23.28907580000000, 
"23 : 31 : 51",23.33447640000000, 
"23 : 31 : 52",23.37722390000000, 
"23 : 31 : 53",23.42104330000000, 
"23 : 31 : 54",23.42892070000000, 
"23 : 31 : 55",23.45423500000000, 
"23 : 31 : 56",23.43613050000000, 
"23 : 31 : 57",23.41529270000000, 
"23 : 31 : 58",23.31528280000000, 
"23 : 31 : 59",23.26024240000000, 
"23 : 32 : 00",23.22276870000000, 
"23 : 32 : 01",23.23768990000000, 
"23 : 32 : 02",23.26304810000000, 
"23 : 32 : 03",23.31634520000000, 
"23 : 32 : 04",23.30985640000000, 
"23 : 32 : 05",23.29029840000000, 
"23 : 32 : 06",23.25570480000000, 
"23 : 32 : 07",23.25187870000000, 
"23 : 32 : 08",23.24983590000000, 
"23 : 32 : 09",23.22731780000000, 
"23 : 32 : 10",23.25404350000000, 
"23 : 32 : 11",23.33209600000000, 
"23 : 32 : 12",23.34712980000000, 
"23 : 32 : 13",23.40836900000000, 
"23 : 32 : 14",23.42463490000000, 
"23 : 32 : 15",23.37432670000000, 
"23 : 32 : 16",23.30236050000000, 
"23 : 32 : 17",23.30045120000000, 
"23 : 32 : 18",23.25810050000000, 
"23 : 32 : 19",23.23740000000000, 
"23 : 32 : 20",23.23084830000000, 
"23 : 32 : 21",23.23468970000000, 
"23 : 32 : 22",23.22674560000000, 
"23 : 32 : 23",23.21109960000000, 
"23 : 32 : 24",23.21096220000000, 
"23 : 32 : 25",23.21882240000000, 
"23 : 32 : 26",23.20700450000000, 
"23 : 32 : 27",23.17844200000000, 
"23 : 32 : 28",23.17008200000000, 
"23 : 32 : 29",23.16791720000000, 
"23 : 32 : 30",23.20166390000000, 
"23 : 32 : 31",23.20330420000000, 
"23 : 32 : 32",23.19664380000000, 
"23 : 32 : 33",23.19965360000000, 
"23 : 32 : 34",23.25779340000000, 
"23 : 32 : 35",23.30952260000000, 
"23 : 32 : 36",23.30564490000000, 
"23 : 32 : 37",23.26503560000000, 
"23 : 32 : 38",23.28223220000000, 
"23 : 32 : 39",23.31561850000000, 
"23 : 32 : 40",23.26245110000000, 
"23 : 32 : 41",23.24307630000000, 
"23 : 32 : 42",23.23514550000000, 
"23 : 32 : 43",23.21614830000000, 
"23 : 32 : 44",23.18836970000000, 
"23 : 32 : 45",23.16421310000000, 
"23 : 32 : 46",23.15539930000000, 
"23 : 32 : 47",23.15207670000000, 
"23 : 32 : 48",23.14784240000000, 
"23 : 32 : 49",23.15803520000000, 
"23 : 32 : 50",23.14771840000000, 
"23 : 32 : 51",23.15830030000000, 
"23 : 32 : 52",23.17393490000000, 
"23 : 32 : 53",23.20597450000000, 
"23 : 32 : 54",23.23630330000000, 
"23 : 32 : 55",23.22184750000000, 
"23 : 32 : 56",23.21490660000000, 
"23 : 32 : 57",23.22394370000000, 
"23 : 32 : 58",23.23791310000000, 
"23 : 32 : 59",23.22815510000000, 
"23 : 33 : 00",23.22335050000000, 
"23 : 33 : 01",23.24278830000000, 
"23 : 33 : 02",23.23119160000000, 
"23 : 33 : 03",23.21728130000000, 
"23 : 33 : 04",23.20205680000000, 
"23 : 33 : 05",23.20271300000000, 
"23 : 33 : 06",23.18815800000000, 
"23 : 33 : 07",23.16965290000000, 
"23 : 33 : 08",23.18943970000000, 
"23 : 33 : 09",23.19393530000000, 
"23 : 33 : 10",23.19332690000000, 
"23 : 33 : 11",23.22429460000000, 
"23 : 33 : 12",23.22169490000000, 
"23 : 33 : 13",23.20083990000000, 
"23 : 33 : 14",23.20465080000000, 
"23 : 33 : 15",23.22050660000000, 
"23 : 33 : 16",23.24238580000000, 
"23 : 33 : 17",23.23650740000000, 
"23 : 33 : 18",23.21923060000000, 
"23 : 33 : 19",23.19891350000000, 
"23 : 33 : 20",23.19463920000000, 
"23 : 33 : 21",23.20633880000000, 
"23 : 33 : 22",23.20582190000000, 
"23 : 33 : 23",23.19905090000000, 
"23 : 33 : 24",23.19379040000000, 
"23 : 33 : 25",23.18224900000000, 
"23 : 33 : 26",23.17314720000000, 
"23 : 33 : 27",23.15775100000000, 
"23 : 33 : 28",23.15891260000000, 
"23 : 33 : 29",23.15616790000000, 
"23 : 33 : 30",23.16217610000000, 
"23 : 33 : 31",23.16958230000000, 
"23 : 33 : 32",23.20708460000000, 
"23 : 33 : 33",23.22072600000000, 
"23 : 33 : 34",23.24285120000000, 
"23 : 33 : 35",23.25216480000000, 
"23 : 33 : 36",23.25972740000000, 
"23 : 33 : 37",23.27529140000000, 
"23 : 33 : 38",23.28428450000000, 
"23 : 33 : 39",23.27539820000000, 
"23 : 33 : 40",23.26797100000000, 
"23 : 33 : 41",23.25431440000000, 
"23 : 33 : 42",23.25931350000000, 
"23 : 33 : 43",23.25027080000000, 
"23 : 33 : 44",23.22784990000000, 
"23 : 33 : 45",23.24294850000000, 
"23 : 33 : 46",23.24312400000000, 
"23 : 33 : 47",23.25059500000000, 
"23 : 33 : 48",23.24454300000000, 
"23 : 33 : 49",23.25499910000000, 
"23 : 33 : 50",23.26722710000000, 
"23 : 33 : 51",23.32073970000000, 
"23 : 33 : 52",23.31068420000000, 
"23 : 33 : 53",23.29622260000000, 
"23 : 33 : 54",23.29237550000000, 
"23 : 33 : 55",23.29969400000000, 
"23 : 33 : 56",23.28930090000000, 
"23 : 33 : 57",23.27723310000000, 
"23 : 33 : 58",23.22045130000000, 
"23 : 33 : 59",23.20624730000000, 
"23 : 34 : 00",23.18694870000000, 
"23 : 34 : 01",23.17157360000000, 
"23 : 34 : 02",23.16787710000000, 
"23 : 34 : 03",23.18060680000000, 
"23 : 34 : 04",23.19821160000000, 
"23 : 34 : 05",23.18025580000000, 
"23 : 34 : 06",23.17266650000000, 
"23 : 34 : 07",23.19930830000000, 
"23 : 34 : 08",23.18285560000000, 
"23 : 34 : 09",23.16778940000000, 
"23 : 34 : 10",23.14864540000000, 
"23 : 34 : 11",23.15687940000000, 
"23 : 34 : 12",23.16736220000000, 
"23 : 34 : 13",23.13301840000000, 
"23 : 34 : 14",23.12434000000000, 
"23 : 34 : 15",23.13165090000000, 
"23 : 34 : 16",23.13274760000000, 
"23 : 34 : 17",23.13125990000000, 
"23 : 34 : 18",23.12762830000000, 
"23 : 34 : 19",23.14382740000000, 
"23 : 34 : 20",23.13019180000000, 
"23 : 34 : 21",23.13596720000000, 
"23 : 34 : 22",23.11109540000000, 
"23 : 34 : 23",23.10196490000000, 
"23 : 34 : 24",23.09742730000000, 
"23 : 34 : 25",23.09159270000000, 
"23 : 34 : 26",23.09721370000000, 
"23 : 34 : 27",23.12035940000000, 
"23 : 34 : 28",23.12688250000000, 
"23 : 34 : 29",23.11236570000000, 
"23 : 34 : 30",23.08934970000000, 
"23 : 34 : 31",23.11650650000000, 
"23 : 34 : 32",23.11167330000000, 
"23 : 34 : 33",23.13690180000000, 
"23 : 34 : 34",23.12969770000000, 
"23 : 34 : 35",23.12626070000000, 
"23 : 34 : 36",23.13606640000000, 
"23 : 34 : 37",23.13494300000000, 
"23 : 34 : 38",23.13570970000000, 
"23 : 34 : 39",23.14997100000000, 
"23 : 34 : 40",23.14658160000000, 
"23 : 34 : 41",23.13807100000000, 
"23 : 34 : 42",23.14562410000000, 
"23 : 34 : 43",23.13875190000000, 
"23 : 34 : 44",23.14032930000000, 
"23 : 34 : 45",23.16035070000000, 
"23 : 34 : 46",23.14971540000000, 
"23 : 34 : 47",23.14448540000000, 
"23 : 34 : 48",23.14720720000000, 
"23 : 34 : 49",23.16231530000000, 
"23 : 34 : 50",23.16428560000000, 
"23 : 34 : 51",23.16813080000000, 
"23 : 34 : 52",23.17534630000000, 
"23 : 34 : 53",23.18923180000000, 
"23 : 34 : 54",23.16969680000000, 
"23 : 34 : 56",23.15939710000000, 
"23 : 34 : 56",23.16614720000000, 
"23 : 34 : 57",23.20692630000000, 
"23 : 34 : 58",23.21405020000000, 
"23 : 34 : 59",23.20739360000000, 
"23 : 35 : 00",23.24755280000000, 
"23 : 35 : 01",23.35158920000000, 
"23 : 35 : 02",23.47240820000000, 
"23 : 35 : 03",23.44546310000000, 
"23 : 35 : 04",23.44535820000000, 
"23 : 35 : 05",23.46268460000000, 
"23 : 35 : 06",23.49364470000000, 
"23 : 35 : 07",23.43995660000000, 
"23 : 35 : 09",23.39854240000000, 
"23 : 35 : 09",23.36059370000000, 
"23 : 35 : 10",23.32938570000000, 
"23 : 35 : 12",23.33592410000000, 
"23 : 35 : 12",23.33137130000000, 
"23 : 35 : 13",23.34039490000000, 
"23 : 35 : 14",23.37048910000000, 
"23 : 35 : 15",23.36921110000000, 
"23 : 35 : 16",23.34132760000000, 
"23 : 35 : 17",23.38704100000000, 
"23 : 35 : 18",23.48648450000000, 
"23 : 35 : 19",23.55810160000000, 
"23 : 35 : 20",23.58031650000000, 
"23 : 35 : 22",23.51144790000000, 
"23 : 35 : 22",23.45298380000000, 
"23 : 35 : 23",23.43536940000000, 
"23 : 35 : 25",23.44391630000000, 
"23 : 35 : 25",23.41501610000000, 
"23 : 35 : 26",23.44735710000000, 
"23 : 35 : 28",23.40680120000000, 
"23 : 35 : 28",23.37707130000000, 
"23 : 35 : 29",23.36865040000000, 
"23 : 35 : 30",23.38080590000000, 
"23 : 35 : 31",23.43012230000000, 
"23 : 35 : 32",23.42402450000000, 
"23 : 35 : 34",23.42802230000000, 
"23 : 35 : 35",23.42250820000000, 
"23 : 35 : 35",23.49685470000000, 
"23 : 35 : 37",23.49987410000000, 
"23 : 35 : 38",23.47309680000000, 
"23 : 35 : 38",23.45972820000000, 
"23 : 35 : 40",23.54220390000000, 
"23 : 35 : 41",23.53086850000000, 
"23 : 35 : 42",23.51684950000000, 
"23 : 35 : 43",23.45537370000000, 
"23 : 35 : 44",23.47795290000000, 
"23 : 35 : 45",23.44129560000000, 
"23 : 35 : 46",23.39795300000000, 
"23 : 35 : 47",23.36814300000000, 
"23 : 35 : 48",23.31596560000000, 
"23 : 35 : 49",23.30426780000000, 
"23 : 35 : 50",23.30918880000000, 
"23 : 35 : 51",23.30657760000000, 
"23 : 35 : 52",23.30386350000000, 
"23 : 35 : 53",23.29394340000000, 
"23 : 35 : 54",23.33526610000000, 
"23 : 35 : 55",23.36623000000000, 
"23 : 35 : 56",23.43350020000000, 
"23 : 35 : 57",23.44377890000000, 
"23 : 35 : 58",23.47002980000000, 
"23 : 35 : 59",23.46386520000000, 
"23 : 36 : 00",23.45905300000000, 
"23 : 36 : 01",23.44056120000000, 
"23 : 36 : 02",23.45726580000000, 
"23 : 36 : 03",23.44492340000000, 
"23 : 36 : 04",23.43180460000000, 
"23 : 36 : 05",23.42275610000000, 
"23 : 36 : 06",23.44224160000000, 
"23 : 36 : 07",23.39724540000000, 
"23 : 36 : 08",23.36325640000000, 
"23 : 36 : 09",23.33846280000000, 
"23 : 36 : 10",23.33740990000000, 
"23 : 36 : 11",23.33389470000000, 
"23 : 36 : 12",23.30419340000000, 
"23 : 36 : 13",23.29659080000000, 
"23 : 36 : 14",23.27369300000000, 
"23 : 36 : 15",23.26914020000000, 
"23 : 36 : 16",23.25620650000000, 
"23 : 36 : 17",23.25236120000000, 
"23 : 36 : 18",23.25115960000000, 
"23 : 36 : 19",23.25319860000000, 
"23 : 36 : 20",23.24676510000000, 
"23 : 36 : 21",23.32561870000000, 
"23 : 36 : 22",23.36458200000000, 
"23 : 36 : 23",23.33805080000000, 
"23 : 36 : 24",23.35778230000000, 
"23 : 36 : 25",23.38585660000000, 
"23 : 36 : 26",23.44281950000000, 
"23 : 36 : 27",23.49905770000000, 
"23 : 36 : 28",23.39940830000000, 
"23 : 36 : 29",23.40302840000000, 
"23 : 36 : 30",23.40138620000000, 
"23 : 36 : 31",23.40154640000000, 
"23 : 36 : 32",23.41580960000000, 
"23 : 36 : 33",23.38195220000000, 
"23 : 36 : 34",23.31958380000000, 
"23 : 36 : 35",23.29555130000000, 
"23 : 36 : 36",23.24578470000000, 
"23 : 36 : 37",23.21308510000000, 
"23 : 36 : 38",23.18979640000000, 
"23 : 36 : 39",23.22660250000000, 
"23 : 36 : 40",23.29227060000000, 
"23 : 36 : 41",23.38442990000000, 
"23 : 36 : 42",23.43655770000000, 
"23 : 36 : 43",23.46539300000000, 
"23 : 36 : 44",23.45791620000000, 
"23 : 36 : 45",23.45596500000000, 
"23 : 36 : 46",23.42415610000000, 
"23 : 36 : 47",23.43420790000000, 
"23 : 36 : 48",23.48843570000000, 
"23 : 36 : 49",23.48425290000000, 
"23 : 36 : 50",23.48415180000000, 
"23 : 36 : 51",23.49629970000000, 
"23 : 36 : 52",23.50981140000000, 
"23 : 36 : 53",23.49989500000000, 
"23 : 36 : 54",23.53412050000000, 
"23 : 36 : 55",23.54348370000000, 
"23 : 36 : 56",23.55237380000000, 
"23 : 36 : 57",23.55273240000000, 
"23 : 36 : 58",23.54179380000000, 
"23 : 36 : 59",23.54526320000000, 
"23 : 37 : 00",23.53917690000000, 
"23 : 37 : 01",23.52199170000000, 
"23 : 37 : 02",23.55974000000000, 
"23 : 37 : 03",23.57712930000000, 
"23 : 37 : 04",23.61392400000000, 
"23 : 37 : 05",23.68077080000000, 
"23 : 37 : 06",23.68066970000000, 
"23 : 37 : 07",23.63776390000000, 
"23 : 37 : 08",23.62908930000000, 
"23 : 37 : 09",23.52021020000000, 
"23 : 37 : 10",23.46129600000000, 
"23 : 37 : 11",23.42249100000000, 
"23 : 37 : 12",23.44175910000000, 
"23 : 37 : 13",23.48204420000000, 
"23 : 37 : 14",23.66186140000000, 
"23 : 37 : 15",23.74688520000000, 
"23 : 37 : 16",23.72525400000000, 
"23 : 37 : 17",23.69183920000000, 
"23 : 37 : 18",23.69968790000000, 
"23 : 37 : 19",23.68959040000000, 
"23 : 37 : 20",23.65806380000000, 
"23 : 37 : 21",23.63797760000000, 
"23 : 37 : 22",23.61198420000000, 
"23 : 37 : 23",23.59852980000000, 
"23 : 37 : 24",23.59898750000000, 
"23 : 37 : 25",23.59864230000000, 
"23 : 37 : 26",23.57854270000000, 
"23 : 37 : 27",23.57146070000000, 
"23 : 37 : 28",23.58313170000000, 
"23 : 37 : 29",23.58757590000000, 
"23 : 37 : 30",23.58831020000000, 
"23 : 37 : 31",23.58421890000000, 
"23 : 37 : 32",23.56024930000000, 
"23 : 37 : 33",23.53233520000000, 
"23 : 37 : 34",23.52090640000000, 
"23 : 37 : 35",23.51318350000000, 
"23 : 37 : 36",23.52903170000000, 
"23 : 37 : 37",23.52492330000000, 
"23 : 37 : 38",23.56074900000000, 
"23 : 37 : 39",23.47659680000000, 
"23 : 37 : 40",23.41274640000000, 
"23 : 37 : 41",23.42189780000000, 
"23 : 37 : 42",23.39576140000000, 
"23 : 37 : 43",23.38783260000000, 
"23 : 37 : 44",23.37670510000000, 
"23 : 37 : 45",23.34777250000000, 
"23 : 37 : 46",23.32153700000000, 
"23 : 37 : 47",23.30786130000000, 
"23 : 37 : 48",23.30199050000000, 
"23 : 37 : 49",23.29896350000000, 
"23 : 37 : 50",23.29519080000000, 
"23 : 37 : 51",23.27358810000000, 
"23 : 37 : 52",23.28510660000000, 
"23 : 37 : 53",23.30683510000000, 
"23 : 37 : 54",23.29722210000000, 
"23 : 37 : 55",23.27180290000000, 
"23 : 37 : 56",23.27229690000000, 
"23 : 37 : 57",23.24706260000000, 
"23 : 37 : 58",23.24878310000000, 
"23 : 37 : 59",23.25675960000000, 
"23 : 38 : 00",23.26979440000000, 
"23 : 38 : 01",23.28179930000000, 
"23 : 38 : 02",23.29544440000000, 
"23 : 38 : 03",23.30200000000000, 
"23 : 38 : 04",23.30379860000000, 
"23 : 38 : 05",23.33688730000000, 
"23 : 38 : 06",23.32040780000000, 
"23 : 38 : 07",23.29255100000000, 
"23 : 38 : 08",23.32393830000000, 
"23 : 38 : 09",23.36630820000000, 
"23 : 38 : 10",23.34694480000000, 
"23 : 38 : 11",23.33068650000000, 
"23 : 38 : 12",23.32894890000000, 
"23 : 38 : 13",23.31305500000000, 
"23 : 38 : 14",23.27658080000000, 
"23 : 38 : 15",23.26890750000000, 
"23 : 38 : 16",23.26276010000000, 
"23 : 38 : 17",23.26337810000000, 
"23 : 38 : 18",23.26661300000000, 
"23 : 38 : 19",23.26713370000000, 
"23 : 38 : 20",23.26647940000000, 
"23 : 38 : 21",23.25310700000000, 
"23 : 38 : 22",23.24162480000000, 
"23 : 38 : 23",23.23890300000000, 
"23 : 38 : 24",23.25489610000000, 
"23 : 38 : 25",23.26949880000000, 
"23 : 38 : 26",23.28170390000000, 
"23 : 38 : 27",23.27732650000000, 
"23 : 38 : 28",23.28114700000000, 
"23 : 38 : 29",23.26545330000000, 
"23 : 38 : 30",23.25065610000000, 
"23 : 38 : 31",23.25062170000000, 
"23 : 38 : 32",23.24747080000000, 
"23 : 38 : 33",23.22528260000000, 
"23 : 38 : 34",23.23348610000000, 
"23 : 38 : 35",23.23871610000000, 
"23 : 38 : 36",23.25980750000000, 
"23 : 38 : 37",23.27965730000000, 
"23 : 38 : 38",23.30570410000000, 
"23 : 38 : 39",23.31105230000000, 
"23 : 38 : 40",23.36829940000000, 
"23 : 38 : 41",23.39062500000000, 
"23 : 38 : 42",23.35751150000000, 
"23 : 38 : 43",23.35613820000000, 
"23 : 38 : 44",23.44416800000000, 
"23 : 38 : 45",23.46883390000000, 
"23 : 38 : 46",23.39520830000000, 
"23 : 38 : 47",23.36066430000000, 
"23 : 38 : 48",23.32700920000000, 
"23 : 38 : 49",23.31938740000000, 
"23 : 38 : 50",23.30685800000000, 
"23 : 38 : 51",23.30690570000000, 
"23 : 38 : 52",23.28877830000000, 
"23 : 38 : 53",23.27609250000000, 
"23 : 38 : 54",23.30474660000000, 
"23 : 38 : 55",23.29207990000000, 
"23 : 38 : 56",23.27601050000000, 
"23 : 38 : 57",23.28249740000000, 
"23 : 38 : 58",23.26501840000000, 
"23 : 38 : 59",23.28785320000000, 
"23 : 39 : 00",23.28124420000000, 
"23 : 39 : 01",23.28679840000000, 
"23 : 39 : 02",23.33127590000000, 
"23 : 39 : 03",23.36567490000000, 
"23 : 39 : 04",23.32747070000000, 
"23 : 39 : 05",23.31732550000000, 
"23 : 39 : 06",23.30252640000000, 
"23 : 39 : 07",23.28003880000000, 
"23 : 39 : 08",23.26949110000000, 
"23 : 39 : 09",23.27879140000000, 
"23 : 39 : 10",23.35989370000000, 
"23 : 39 : 11",23.40029140000000, 
"23 : 39 : 12",23.38622660000000, 
"23 : 39 : 13",23.40736190000000, 
"23 : 39 : 14",23.45522880000000, 
"23 : 39 : 15",23.48581690000000, 
"23 : 39 : 16",23.49052420000000, 
"23 : 39 : 17",23.44767950000000, 
"23 : 39 : 18",23.41938010000000, 
"23 : 39 : 19",23.43402480000000, 
"23 : 39 : 20",23.40924260000000, 
"23 : 39 : 21",23.39140700000000, 
"23 : 39 : 22",23.35411640000000, 
"23 : 39 : 23",23.32520100000000, 
"23 : 39 : 24",23.31323240000000, 
"23 : 39 : 25",23.30419920000000, 
"23 : 39 : 26",23.30151930000000, 
"23 : 39 : 27",23.30005640000000, 
"23 : 39 : 28",23.30809210000000, 
"23 : 39 : 29",23.30136100000000, 
"23 : 39 : 30",23.30232810000000, 
"23 : 39 : 31",23.31895250000000, 
"23 : 39 : 32",23.34156600000000, 
"23 : 39 : 33",23.33341780000000, 
"23 : 39 : 34",23.32979390000000, 
"23 : 39 : 35",23.30029100000000, 
"23 : 39 : 36",23.28343200000000, 
"23 : 39 : 37",23.26035490000000, 
"23 : 39 : 38",23.26000590000000, 
"23 : 39 : 39",23.25610540000000, 
"23 : 39 : 40",23.25677680000000, 
"23 : 39 : 41",23.22412300000000, 
"23 : 39 : 42",23.22084800000000, 
"23 : 39 : 43",23.24592010000000, 
"23 : 39 : 44",23.25201410000000, 
"23 : 39 : 45",23.25247000000000, 
"23 : 39 : 46",23.24633780000000, 
"23 : 39 : 47",23.23868940000000, 
"23 : 39 : 48",23.22680850000000, 
"23 : 39 : 49",23.23027800000000, 
"23 : 39 : 50",23.23020360000000, 
"23 : 39 : 51",23.22766680000000, 
"23 : 39 : 52",23.24510760000000, 
"23 : 39 : 53",23.26513090000000, 
"23 : 39 : 54",23.25716970000000, 
"23 : 39 : 55",23.25423810000000, 
"23 : 39 : 56",23.24540320000000, 
"23 : 39 : 57",23.24225610000000, 
"23 : 39 : 58",23.23394010000000, 
"23 : 39 : 59",23.22752380000000, 
"23 : 40 : 00",23.22163000000000, 
"23 : 40 : 01",23.23680490000000, 
"23 : 40 : 02",23.24030490000000, 
"23 : 40 : 03",23.22019190000000, 
"23 : 40 : 04",23.26128000000000, 
"23 : 40 : 05",23.27457610000000, 
"23 : 40 : 06",23.28412430000000, 
"23 : 40 : 07",23.28971670000000, 
"23 : 40 : 08",23.30332370000000, 
"23 : 40 : 09",23.30306620000000, 
"23 : 40 : 10",23.31548500000000, 
"23 : 40 : 11",23.33530800000000, 
"23 : 40 : 12",23.34339140000000, 
"23 : 40 : 13",23.34362410000000, 
"23 : 40 : 14",23.36050220000000, 
"23 : 40 : 15",23.34424010000000, 
"23 : 40 : 16",23.32628440000000, 
"23 : 40 : 17",23.29313650000000, 
"23 : 40 : 18",23.26912490000000, 
"23 : 40 : 19",23.27825350000000, 
"23 : 40 : 20",23.26148790000000, 
"23 : 40 : 21",23.25625610000000, 
"23 : 40 : 22",23.27302740000000, 
"23 : 40 : 23",23.29318230000000, 
"23 : 40 : 24",23.30061720000000, 
"23 : 40 : 25",23.31510350000000, 
"23 : 40 : 26",23.32037160000000, 
"23 : 40 : 27",23.33675950000000, 
"23 : 40 : 28",23.32996740000000, 
"23 : 40 : 29",23.34135430000000, 
"23 : 40 : 30",23.34732240000000, 
"23 : 40 : 31",23.36263460000000, 
"23 : 40 : 32",23.32527920000000, 
"23 : 40 : 33",23.33546250000000, 
"23 : 40 : 34",23.35372160000000, 
"23 : 40 : 35",23.33708380000000, 
"23 : 40 : 36",23.29698370000000, 
"23 : 40 : 37",23.29225730000000, 
"23 : 40 : 38",23.29771040000000, 
"23 : 40 : 39",23.30752750000000, 
"23 : 40 : 40",23.30702400000000, 
"23 : 40 : 41",23.31748000000000, 
"23 : 40 : 42",23.31676860000000, 
"23 : 40 : 43",23.32577890000000, 
"23 : 40 : 44",23.33221810000000, 
"23 : 40 : 45",23.32831760000000, 
"23 : 40 : 46",23.31551360000000, 
"23 : 40 : 47",23.32349960000000, 
"23 : 40 : 48",23.31135550000000, 
"23 : 40 : 49",23.30095290000000, 
"23 : 40 : 50",23.29532240000000, 
"23 : 40 : 51",23.30331420000000, 
"23 : 40 : 52",23.28339570000000, 
"23 : 40 : 53",23.30232230000000, 
"23 : 40 : 54",23.29703330000000, 
"23 : 40 : 55",23.29282560000000, 
"23 : 40 : 56",23.29203410000000, 
"23 : 40 : 57",23.29891960000000, 
"23 : 40 : 58",23.29383080000000, 
"23 : 40 : 59",23.28466410000000, 
"23 : 41 : 00",23.27744290000000, 
"23 : 41 : 02",23.25888440000000, 
"23 : 41 : 02",23.23967550000000, 
"23 : 41 : 03",23.26162520000000, 
"23 : 41 : 04",23.29566570000000, 
"23 : 41 : 05",23.28641510000000, 
"23 : 41 : 06",23.28753660000000, 
"23 : 41 : 07",23.27460860000000, 
"23 : 41 : 08",23.27989000000000, 
"23 : 41 : 09",23.27214620000000, 
"23 : 41 : 10",23.26130860000000, 
"23 : 41 : 11",23.26037780000000, 
"23 : 41 : 12",23.27497100000000, 
"23 : 41 : 13",23.27482980000000, 
"23 : 41 : 15",23.26700400000000, 
"23 : 41 : 15",23.25693700000000, 
"23 : 41 : 16",23.26980590000000, 
"23 : 41 : 17",23.27927780000000, 
"23 : 41 : 18",23.29941360000000, 
"23 : 41 : 19",23.30582230000000, 
"23 : 41 : 20",23.31166450000000, 
"23 : 41 : 21",23.32170860000000, 
"23 : 41 : 23",23.31111520000000, 
"23 : 41 : 23",23.31788440000000, 
"23 : 41 : 24",23.29717440000000, 
"23 : 41 : 25",23.28938290000000, 
"23 : 41 : 26",23.28359030000000, 
"23 : 41 : 27",23.30973240000000, 
"23 : 41 : 28",23.31854050000000, 
"23 : 41 : 29",23.32950970000000, 
"23 : 41 : 30",23.36977380000000, 
"23 : 41 : 31",23.39681620000000, 
"23 : 41 : 32",23.41937630000000, 
"23 : 41 : 33",23.41482350000000, 
"23 : 41 : 34",23.41386220000000, 
"23 : 41 : 35",23.41637420000000, 
"23 : 41 : 36",23.40556710000000, 
"23 : 41 : 38",23.40166090000000, 
"23 : 41 : 38",23.40202710000000, 
"23 : 41 : 39",23.38904570000000, 
"23 : 41 : 40",23.39786910000000, 
"23 : 41 : 41",23.38394730000000, 
"23 : 41 : 42",23.35806650000000, 
"23 : 41 : 43",23.33136360000000, 
"23 : 41 : 45",23.32784840000000, 
"23 : 41 : 45",23.33912080000000, 
"23 : 41 : 46",23.34670060000000, 
"23 : 41 : 48",23.38682360000000, 
"23 : 41 : 48",23.35224720000000, 
"23 : 41 : 50",23.34028620000000, 
"23 : 41 : 51",23.33814810000000, 
"23 : 41 : 52",23.31880560000000, 
"23 : 41 : 53",23.29880520000000, 
"23 : 41 : 54",23.28234860000000, 
"23 : 41 : 55",23.27360530000000, 
"23 : 41 : 56",23.27650450000000, 
"23 : 41 : 57",23.30949590000000, 
"23 : 41 : 58",23.29895210000000, 
"23 : 41 : 59",23.29716870000000, 
"23 : 42 : 00",23.30238150000000, 
"23 : 42 : 01",23.30430600000000, 
"23 : 42 : 02",23.29383270000000, 
"23 : 42 : 03",23.28723140000000, 
"23 : 42 : 04",23.27699660000000, 
"23 : 42 : 05",23.27094260000000, 
"23 : 42 : 06",23.26613800000000, 
"23 : 42 : 07",23.27464100000000, 
"23 : 42 : 08",23.28240390000000, 
"23 : 42 : 09",23.27921290000000, 
"23 : 42 : 10",23.29003330000000, 
"23 : 42 : 11",23.30439180000000, 
"23 : 42 : 12",23.31156340000000, 
"23 : 42 : 13",23.31580350000000, 
"23 : 42 : 14",23.31369780000000, 
"23 : 42 : 15",23.33348460000000, 
"23 : 42 : 16",23.34177010000000, 
"23 : 42 : 17",23.34249300000000, 
"23 : 42 : 18",23.34850500000000, 
"23 : 42 : 19",23.33033560000000, 
"23 : 42 : 20",23.33463280000000, 
"23 : 42 : 21",23.33678240000000, 
"23 : 42 : 22",23.33959570000000, 
"23 : 42 : 23",23.37079230000000, 
"23 : 42 : 24",23.38089750000000, 
"23 : 42 : 25",23.43450540000000, 
"23 : 42 : 26",23.43677520000000, 
"23 : 42 : 27",23.46030610000000, 
"23 : 42 : 28",23.44001000000000, 
"23 : 42 : 29",23.42353240000000, 
"23 : 42 : 30",23.39875030000000, 
"23 : 42 : 31",23.38744540000000, 
"23 : 42 : 32",23.36918640000000, 
"23 : 42 : 33",23.36397170000000, 
"23 : 42 : 34",23.36420630000000, 
"23 : 42 : 35",23.36042020000000, 
"23 : 42 : 36",23.36296840000000, 
"23 : 42 : 37",23.37053680000000, 
"23 : 42 : 38",23.35432430000000, 
"23 : 42 : 39",23.35184660000000, 
"23 : 42 : 40",23.36481090000000, 
"23 : 42 : 41",23.37161440000000, 
"23 : 42 : 42",23.38091080000000, 
"23 : 42 : 43",23.40395540000000, 
"23 : 42 : 44",23.37472340000000, 
"23 : 42 : 45",23.43548960000000, 
"23 : 42 : 46",23.43027870000000, 
"23 : 42 : 47",23.40855400000000, 
"23 : 42 : 48",23.39667510000000, 
"23 : 42 : 49",23.39677040000000, 
"23 : 42 : 50",23.39332000000000, 
"23 : 42 : 51",23.38779060000000, 
"23 : 42 : 52",23.37685770000000, 
"23 : 42 : 53",23.38345330000000, 
"23 : 42 : 54",23.38724130000000, 
"23 : 42 : 55",23.36345860000000, 
"23 : 42 : 56",23.35000220000000, 
"23 : 42 : 57",23.34585180000000, 
"23 : 42 : 58",23.35639570000000, 
"23 : 42 : 59",23.36024280000000, 
"23 : 43 : 00",23.36425590000000, 
"23 : 43 : 01",23.36572260000000, 
"23 : 43 : 02",23.37786670000000, 
"23 : 43 : 03",23.36608880000000, 
"23 : 43 : 04",23.35335150000000, 
"23 : 43 : 05",23.37764930000000, 
"23 : 43 : 06",23.35853380000000, 
"23 : 43 : 07",23.33679000000000, 
"23 : 43 : 08",23.31333350000000, 
"23 : 43 : 09",23.30350680000000, 
"23 : 43 : 10",23.31970970000000, 
"23 : 43 : 11",23.33014100000000, 
"23 : 43 : 12",23.34554290000000, 
"23 : 43 : 13",23.35013000000000, 
"23 : 43 : 14",23.35708610000000, 
"23 : 43 : 15",23.35008040000000, 
"23 : 43 : 16",23.33159060000000, 
"23 : 43 : 17",23.34051510000000, 
"23 : 43 : 18",23.33167260000000, 
"23 : 43 : 19",23.32082740000000, 
"23 : 43 : 20",23.31475060000000, 
"23 : 43 : 21",23.31102180000000, 
"23 : 43 : 22",23.31939310000000, 
"23 : 43 : 23",23.32114600000000, 
"23 : 43 : 24",23.33795540000000, 
"23 : 43 : 25",23.34261130000000, 
"23 : 43 : 26",23.33819960000000, 
"23 : 43 : 27",23.33849140000000, 
"23 : 43 : 28",23.32958600000000, 
"23 : 43 : 29",23.34976000000000, 
"23 : 43 : 30",23.37595550000000, 
"23 : 43 : 31",23.35990520000000, 
"23 : 43 : 32",23.35130880000000, 
"23 : 43 : 33",23.33302490000000, 
"23 : 43 : 34",23.33887100000000, 
"23 : 43 : 35",23.33463660000000, 
"23 : 43 : 36",23.33291620000000, 
"23 : 43 : 37",23.33850280000000, 
"23 : 43 : 38",23.33277130000000, 
"23 : 43 : 39",23.30982390000000, 
"23 : 43 : 40",23.31583970000000, 
"23 : 43 : 41",23.32228080000000, 
"23 : 43 : 42",23.32499880000000, 
"23 : 43 : 43",23.33725540000000, 
"23 : 43 : 44",23.34728810000000, 
"23 : 43 : 45",23.35039520000000, 
"23 : 43 : 46",23.33666610000000, 
"23 : 43 : 47",23.33897200000000, 
"23 : 43 : 48",23.34367170000000, 
"23 : 43 : 49",23.33664890000000, 
"23 : 43 : 50",23.33857530000000, 
"23 : 43 : 51",23.33324240000000, 
"23 : 43 : 52",23.34521860000000, 
"23 : 43 : 53",23.33905600000000, 
"23 : 43 : 54",23.34636110000000, 
"23 : 43 : 55",23.33697120000000, 
"23 : 43 : 56",23.33471870000000, 
"23 : 43 : 57",23.34705160000000, 
"23 : 43 : 58",23.34188270000000, 
"23 : 43 : 59",23.33690450000000, 
"23 : 44 : 00",23.34974860000000, 
"23 : 44 : 01",23.33579440000000, 
"23 : 44 : 02",23.33933440000000, 
"23 : 44 : 03",23.35891340000000, 
"23 : 44 : 04",23.36608690000000, 
"23 : 44 : 05",23.36728850000000, 
"23 : 44 : 06",23.36794660000000, 
"23 : 44 : 07",23.35469430000000, 
"23 : 44 : 08",23.34372520000000, 
"23 : 44 : 09",23.33822820000000, 
"23 : 44 : 10",23.35145180000000, 
"23 : 44 : 11",23.36313620000000, 
"23 : 44 : 12",23.37670510000000, 
"23 : 44 : 13",23.40226170000000, 
"23 : 44 : 14",23.41341200000000, 
"23 : 44 : 15",23.41460990000000, 
"23 : 44 : 16",23.40588180000000, 
"23 : 44 : 17",23.42148010000000, 
"23 : 44 : 18",23.41736220000000, 
"23 : 44 : 19",23.40698810000000, 
"23 : 44 : 20",23.40503120000000, 
"23 : 44 : 21",23.40065950000000, 
"23 : 44 : 22",23.37856100000000, 
"23 : 44 : 23",23.37035750000000, 
"23 : 44 : 24",23.38477890000000, 
"23 : 44 : 25",23.38034050000000, 
"23 : 44 : 26",23.38309280000000, 
"23 : 44 : 27",23.40242190000000, 
"23 : 44 : 28",23.40452190000000, 
"23 : 44 : 29",23.39404480000000, 
"23 : 44 : 30",23.39646720000000, 
"23 : 44 : 31",23.38648030000000, 
"23 : 44 : 32",23.39918890000000, 
"23 : 44 : 33",23.40202330000000, 
"23 : 44 : 34",23.39011570000000, 
"23 : 44 : 35",23.38174240000000, 
"23 : 44 : 36",23.37564840000000, 
"23 : 44 : 37",23.37604140000000, 
"23 : 44 : 38",23.37743180000000, 
"23 : 44 : 39",23.38639060000000, 
"23 : 44 : 40",23.38477510000000, 
"23 : 44 : 41",23.38057510000000, 
"23 : 44 : 42",23.39057150000000, 
"23 : 44 : 43",23.39953230000000, 
"23 : 44 : 44",23.40546030000000, 
"23 : 44 : 45",23.40174670000000, 
"23 : 44 : 46",23.40900420000000, 
"23 : 44 : 47",23.42414090000000, 
"23 : 44 : 48",23.43754950000000, 
"23 : 44 : 49",23.42008390000000, 
"23 : 44 : 50",23.43323320000000, 
"23 : 44 : 51",23.45911970000000, 
"23 : 44 : 52",23.43935200000000, 
"23 : 44 : 53",23.47602270000000, 
"23 : 44 : 54",23.48912810000000, 
"23 : 44 : 55",23.50774380000000, 
"23 : 44 : 56",23.51202580000000, 
"23 : 44 : 57",23.49232860000000, 
"23 : 44 : 58",23.48948470000000, 
"23 : 44 : 59",23.45984070000000, 
"23 : 45 : 00",23.44078060000000, 
"23 : 45 : 01",23.44944570000000, 
"23 : 45 : 02",23.43931960000000, 
"23 : 45 : 03",23.43783370000000, 
"23 : 45 : 04",23.44596480000000, 
"23 : 45 : 05",23.44579500000000, 
"23 : 45 : 06",23.45149610000000, 
"23 : 45 : 07",23.44635000000000, 
"23 : 45 : 08",23.42715830000000, 
"23 : 45 : 09",23.43976780000000, 
"23 : 45 : 10",23.43077460000000, 
"23 : 45 : 11",23.42948340000000, 
"23 : 45 : 12",23.42677490000000, 
"23 : 45 : 13",23.43876070000000, 
"23 : 45 : 14",23.44693560000000, 
"23 : 45 : 15",23.43475150000000, 
"23 : 45 : 16",23.43747710000000, 
"23 : 45 : 17",23.42615310000000, 
"23 : 45 : 18",23.43781470000000, 
"23 : 45 : 19",23.43639560000000, 
"23 : 45 : 20",23.44397350000000, 
"23 : 45 : 21",23.42881390000000, 
"23 : 45 : 22",23.41014480000000, 
"23 : 45 : 23",23.42556760000000, 
"23 : 45 : 24",23.46976850000000, 
"23 : 45 : 25",23.46123690000000, 
"23 : 45 : 26",23.44762610000000, 
"23 : 45 : 27",23.41569700000000, 
"23 : 45 : 28",23.40915100000000, 
"23 : 45 : 29",23.40176390000000, 
"23 : 45 : 30",23.40348430000000, 
"23 : 45 : 31",23.40812680000000, 
"23 : 45 : 32",23.42646980000000, 
"23 : 45 : 33",23.45572470000000, 
"23 : 45 : 34",23.50421520000000, 
"23 : 45 : 35",23.48768230000000, 
"23 : 45 : 36",23.46462240000000, 
"23 : 45 : 37",23.45581430000000, 
"23 : 45 : 38",23.46145050000000, 
"23 : 45 : 39",23.46392050000000, 
"23 : 45 : 40",23.50429910000000, 
"23 : 45 : 41",23.47998230000000, 
"23 : 45 : 42",23.46844480000000, 
"23 : 45 : 43",23.45105360000000, 
"23 : 45 : 44",23.43596260000000, 
"23 : 45 : 45",23.44570350000000, 
"23 : 45 : 46",23.46784400000000, 
"23 : 45 : 47",23.46895020000000, 
"23 : 45 : 48",23.46815870000000, 
"23 : 45 : 49",23.46599190000000, 
"23 : 45 : 50",23.50143050000000, 
"23 : 45 : 51",23.52290720000000, 
"23 : 45 : 52",23.52026550000000, 
"23 : 45 : 53",23.50082390000000, 
"23 : 45 : 54",23.49728200000000, 
"23 : 45 : 55",23.49573890000000, 
"23 : 45 : 56",23.49168200000000, 
"23 : 45 : 57",23.50934410000000, 
"23 : 45 : 58",23.51180640000000, 
"23 : 45 : 59",23.56350890000000, 
"23 : 46 : 00",23.56660460000000, 
"23 : 46 : 01",23.53096190000000, 
"23 : 46 : 02",23.52939600000000, 
"23 : 46 : 03",23.52731700000000, 
"23 : 46 : 04",23.52641480000000, 
"23 : 46 : 05",23.52878950000000, 
"23 : 46 : 06",23.47530930000000, 
"23 : 46 : 07",23.47080230000000, 
"23 : 46 : 08",23.45775790000000, 
"23 : 46 : 09",23.45273970000000, 
"23 : 46 : 10",23.45103070000000, 
"23 : 46 : 11",23.44352910000000, 
"23 : 46 : 12",23.45209880000000, 
"23 : 46 : 13",23.45191950000000, 
"23 : 46 : 14",23.44962690000000, 
"23 : 46 : 15",23.45232960000000, 
"23 : 46 : 16",23.44227210000000, 
"23 : 46 : 17",23.43063920000000, 
"23 : 46 : 18",23.41368670000000, 
"23 : 46 : 19",23.41392320000000, 
"23 : 46 : 20",23.42983810000000, 
"23 : 46 : 21",23.44329830000000, 
"23 : 46 : 23",23.45610230000000, 
"23 : 46 : 23",23.45693770000000, 
"23 : 46 : 24",23.42682070000000, 
"23 : 46 : 25",23.41022870000000, 
"23 : 46 : 26",23.41022100000000, 
"23 : 46 : 27",23.39528080000000, 
"23 : 46 : 28",23.38889500000000, 
"23 : 46 : 29",23.39126390000000, 
"23 : 46 : 30",23.40033720000000, 
"23 : 46 : 31",23.41990850000000, 
"23 : 46 : 32",23.41022680000000, 
"23 : 46 : 33",23.41669460000000, 
"23 : 46 : 34",23.41464420000000, 
"23 : 46 : 35",23.40815540000000, 
"23 : 46 : 36",23.41848750000000, 
"23 : 46 : 37",23.42658610000000, 
"23 : 46 : 38",23.42458720000000, 
"23 : 46 : 39",23.42426680000000, 
"23 : 46 : 41",23.40937420000000, 
"23 : 46 : 41",23.41911690000000, 
"23 : 46 : 42",23.46497340000000, 
"23 : 46 : 43",23.43650810000000, 
"23 : 46 : 44",23.42258070000000, 
"23 : 46 : 45",23.42646980000000, 
"23 : 46 : 46",23.42246430000000, 
"23 : 46 : 47",23.44134140000000, 
"23 : 46 : 48",23.45326420000000, 
"23 : 46 : 49",23.44136040000000, 
"23 : 46 : 50",23.42719650000000, 
"23 : 46 : 51",23.41253080000000, 
"23 : 46 : 52",23.39967530000000, 
"23 : 46 : 54",23.37972830000000, 
"23 : 46 : 54",23.39176940000000, 
"23 : 46 : 55",23.39264290000000, 
"23 : 46 : 56",23.37949940000000, 
"23 : 46 : 57",23.39467620000000, 
"23 : 46 : 58",23.38513560000000, 
"23 : 46 : 59",23.39737700000000, 
"23 : 47 : 00",23.36591910000000, 
"23 : 47 : 01",23.37425610000000, 
"23 : 47 : 02",23.39332000000000, 
"23 : 47 : 03",23.37925520000000, 
"23 : 47 : 04",23.49939340000000, 
"23 : 47 : 05",23.53823080000000, 
"23 : 47 : 07",23.52749630000000, 
"23 : 47 : 07",23.48676680000000, 
"23 : 47 : 08",23.47908020000000, 
"23 : 47 : 10",23.44715690000000, 
"23 : 47 : 10",23.41590490000000, 
"23 : 47 : 11",23.39647860000000, 
"23 : 47 : 12",23.38627430000000, 
"23 : 47 : 13",23.38334840000000, 
"23 : 47 : 14",23.38581840000000, 
"23 : 47 : 15",23.38873670000000, 
"23 : 47 : 16",23.39312740000000, 
"23 : 47 : 17",23.39611050000000, 
"23 : 47 : 18",23.39359850000000, 
"23 : 47 : 20",23.39769170000000, 
"23 : 47 : 20",23.40440940000000, 
"23 : 47 : 21",23.40300170000000, 
"23 : 47 : 23",23.41387930000000, 
"23 : 47 : 23",23.41888420000000, 
"23 : 47 : 24",23.42725180000000, 
"23 : 47 : 25",23.42593570000000, 
"23 : 47 : 26",23.40989870000000, 
"23 : 47 : 27",23.41248700000000, 
"23 : 47 : 28",23.42504500000000, 
"23 : 47 : 29",23.41542050000000, 
"23 : 47 : 31",23.43084900000000, 
"23 : 47 : 31",23.41655730000000, 
"23 : 47 : 32",23.40235320000000, 
"23 : 47 : 33",23.42633430000000, 
"23 : 47 : 34",23.41702840000000, 
"23 : 47 : 36",23.43135640000000, 
"23 : 47 : 36",23.43962280000000, 
"23 : 47 : 38",23.43605040000000, 
"23 : 47 : 38",23.42428390000000, 
"23 : 47 : 39",23.41623680000000, 
"23 : 47 : 41",23.42308420000000, 
"23 : 47 : 41",23.42386430000000, 
"23 : 47 : 42",23.42495910000000, 
"23 : 47 : 44",23.42448230000000, 
"23 : 47 : 44",23.41960140000000, 
"23 : 47 : 45",23.41912460000000, 
"23 : 47 : 46",23.41458890000000, 
"23 : 47 : 47",23.42060470000000, 
"23 : 47 : 49",23.43740460000000, 
"23 : 47 : 49",23.43090620000000, 
"23 : 47 : 51",23.42779150000000, 
"23 : 47 : 51",23.41143980000000, 
"23 : 47 : 53",23.40819540000000, 
"23 : 47 : 54",23.40828700000000, 
"23 : 47 : 55",23.41617770000000, 
"23 : 47 : 56",23.40520280000000, 
"23 : 47 : 57",23.41100690000000, 
"23 : 47 : 58",23.40408130000000, 
"23 : 47 : 59",23.40766140000000, 
"23 : 48 : 00",23.40476980000000, 
"23 : 48 : 01",23.40068810000000, 
"23 : 48 : 02",23.39544100000000, 
"23 : 48 : 03",23.38713070000000, 
"23 : 48 : 04",23.37236780000000, 
"23 : 48 : 05",23.37553210000000, 
"23 : 48 : 06",23.39604560000000, 
"23 : 48 : 07",23.40703960000000, 
"23 : 48 : 08",23.41026110000000, 
"23 : 48 : 09",23.41193380000000, 
"23 : 48 : 10",23.42060850000000, 
"23 : 48 : 11",23.42134660000000, 
"23 : 48 : 12",23.43865010000000, 
"23 : 48 : 13",23.45573800000000, 
"23 : 48 : 14",23.46335600000000, 
"23 : 48 : 15",23.45442770000000, 
"23 : 48 : 16",23.45347020000000, 
"23 : 48 : 17",23.44874380000000, 
"23 : 48 : 18",23.45858570000000, 
"23 : 48 : 19",23.44354820000000, 
"23 : 48 : 20",23.46032710000000, 
"23 : 48 : 21",23.44769280000000, 
"23 : 48 : 22",23.45736120000000, 
"23 : 48 : 23",23.47959890000000, 
"23 : 48 : 24",23.48525230000000, 
"23 : 48 : 25",23.48747820000000, 
"23 : 48 : 26",23.46318050000000, 
"23 : 48 : 27",23.46109390000000, 
"23 : 48 : 28",23.44960020000000, 
"23 : 48 : 29",23.44277000000000, 
"23 : 48 : 30",23.44149970000000, 
"23 : 48 : 31",23.44510260000000, 
"23 : 48 : 32",23.43842310000000, 
"23 : 48 : 33",23.44293970000000, 
"23 : 48 : 34",23.43898200000000, 
"23 : 48 : 35",23.44978140000000, 
"23 : 48 : 36",23.44077490000000, 
"23 : 48 : 37",23.44025420000000, 
"23 : 48 : 38",23.45236200000000, 
"23 : 48 : 39",23.46693800000000, 
"23 : 48 : 40",23.47120470000000, 
"23 : 48 : 41",23.50667380000000, 
"23 : 48 : 42",23.47365180000000, 
"23 : 48 : 43",23.44692610000000, 
"23 : 48 : 44",23.43063730000000, 
"23 : 48 : 45",23.42973700000000, 
"23 : 48 : 46",23.40265460000000, 
"23 : 48 : 47",23.39701650000000, 
"23 : 48 : 48",23.38857650000000, 
"23 : 48 : 49",23.40847960000000, 
"23 : 48 : 50",23.39791290000000, 
"23 : 48 : 51",23.40587420000000, 
"23 : 48 : 52",23.43495550000000, 
"23 : 48 : 53",23.39611050000000, 
"23 : 48 : 54",23.39529800000000, 
"23 : 48 : 55",23.39517970000000, 
"23 : 48 : 56",23.39753340000000, 
"23 : 48 : 57",23.38895220000000, 
"23 : 48 : 58",23.40213580000000, 
"23 : 48 : 59",23.38587760000000, 
"23 : 49 : 00",23.37793730000000, 
"23 : 49 : 01",23.36879150000000, 
"23 : 49 : 02",23.37252800000000, 
"23 : 49 : 03",23.38537780000000, 
"23 : 49 : 04",23.39875410000000, 
"23 : 49 : 05",23.41229240000000, 
"23 : 49 : 06",23.40612220000000, 
"23 : 49 : 07",23.41742510000000, 
"23 : 49 : 08",23.42564010000000, 
"23 : 49 : 09",23.42295450000000, 
"23 : 49 : 10",23.42103000000000, 
"23 : 49 : 11",23.41789620000000, 
"23 : 49 : 12",23.42523000000000, 
"23 : 49 : 13",23.40206520000000, 
"23 : 49 : 14",23.40859410000000, 
"23 : 49 : 15",23.41121480000000, 
"23 : 49 : 16",23.40078350000000, 
"23 : 49 : 17",23.43236540000000, 
"23 : 49 : 18",23.44744300000000, 
"23 : 49 : 19",23.44073290000000, 
"23 : 49 : 20",23.43286510000000, 
"23 : 49 : 21",23.44463340000000, 
"23 : 49 : 22",23.44085120000000, 
"23 : 49 : 23",23.44058790000000, 
"23 : 49 : 24",23.44556040000000, 
"23 : 49 : 25",23.45915030000000, 
"23 : 49 : 26",23.45826330000000, 
"23 : 49 : 27",23.45161050000000, 
"23 : 49 : 28",23.45255470000000, 
"23 : 49 : 29",23.45367240000000, 
"23 : 49 : 30",23.43523210000000, 
"23 : 49 : 31",23.43389890000000, 
"23 : 49 : 32",23.42184060000000, 
"23 : 49 : 33",23.47588340000000, 
"23 : 49 : 34",23.47687330000000, 
"23 : 49 : 35",23.46569060000000, 
"23 : 49 : 36",23.48422430000000, 
"23 : 49 : 37",23.48714250000000, 
"23 : 49 : 38",23.47389220000000, 
"23 : 49 : 39",23.47328560000000, 
"23 : 49 : 40",23.47133630000000, 
"23 : 49 : 41",23.47617530000000, 
"23 : 49 : 42",23.48560900000000, 
"23 : 49 : 43",23.48941040000000, 
"23 : 49 : 44",23.48704520000000, 
"23 : 49 : 45",23.47939490000000, 
"23 : 49 : 46",23.47808450000000, 
"23 : 49 : 47",23.47734830000000, 
"23 : 49 : 48",23.47505180000000, 
"23 : 49 : 49",23.45176500000000, 
"23 : 49 : 50",23.45442390000000, 
"23 : 49 : 51",23.47326660000000, 
"23 : 49 : 52",23.47514720000000, 
"23 : 49 : 53",23.47191810000000, 
"23 : 49 : 54",23.46487040000000, 
"23 : 49 : 55",23.45607750000000, 
"23 : 49 : 56",23.45647430000000, 
"23 : 49 : 57",23.44449230000000, 
"23 : 49 : 58",23.43263240000000, 
"23 : 49 : 59",23.42604630000000, 
"23 : 50 : 00",23.46486090000000, 
"23 : 50 : 01",23.44494620000000, 
"23 : 50 : 02",23.44585410000000, 
"23 : 50 : 03",23.42642210000000, 
"23 : 50 : 04",23.42288200000000, 
"23 : 50 : 05",23.42760270000000, 
"23 : 50 : 06",23.43108550000000, 
"23 : 50 : 07",23.43644140000000, 
"23 : 50 : 08",23.42868990000000, 
"23 : 50 : 09",23.41300960000000, 
"23 : 50 : 10",23.41913600000000, 
"23 : 50 : 11",23.41886710000000, 
"23 : 50 : 12",23.42154120000000, 
"23 : 50 : 13",23.44669340000000, 
"23 : 50 : 14",23.44784160000000, 
"23 : 50 : 15",23.44707670000000, 
"23 : 50 : 16",23.43602940000000, 
"23 : 50 : 17",23.42541310000000, 
"23 : 50 : 18",23.41929810000000, 
"23 : 50 : 19",23.42213430000000, 
"23 : 50 : 20",23.41050140000000, 
"23 : 50 : 21",23.40249250000000, 
"23 : 50 : 22",23.41723440000000, 
"23 : 50 : 23",23.42549510000000, 
"23 : 50 : 24",23.43138120000000, 
"23 : 50 : 25",23.44589800000000, 
"23 : 50 : 26",23.45180700000000, 
"23 : 50 : 27",23.46379660000000, 
"23 : 50 : 28",23.45498080000000, 
"23 : 50 : 29",23.47489160000000, 
"23 : 50 : 30",23.46212000000000, 
"23 : 50 : 31",23.43649860000000, 
"23 : 50 : 32",23.43860620000000, 
"23 : 50 : 33",23.43565360000000, 
"23 : 50 : 34",23.42663000000000, 
"23 : 50 : 35",23.42910570000000, 
"23 : 50 : 36",23.44283670000000, 
"23 : 50 : 37",23.44921680000000, 
"23 : 50 : 38",23.45209880000000, 
"23 : 50 : 39",23.45485490000000, 
"23 : 50 : 40",23.44492530000000, 
"23 : 50 : 41",23.44117920000000, 
"23 : 50 : 42",23.44252770000000, 
"23 : 50 : 43",23.45864100000000, 
"23 : 50 : 44",23.46889300000000, 
"23 : 50 : 45",23.46883010000000, 
"23 : 50 : 46",23.47472950000000, 
"23 : 50 : 47",23.49142830000000, 
"23 : 50 : 48",23.48947330000000, 
"23 : 50 : 49",23.47885510000000, 
"23 : 50 : 50",23.47076790000000, 
"23 : 50 : 51",23.45089140000000, 
"23 : 50 : 52",23.43769830000000, 
"23 : 50 : 53",23.41496650000000, 
"23 : 50 : 54",23.43518820000000, 
"23 : 50 : 55",23.43459510000000, 
"23 : 50 : 56",23.43528740000000, 
"23 : 50 : 57",23.43262480000000, 
"23 : 50 : 58",23.43876830000000, 
"23 : 50 : 59",23.42602920000000, 
"23 : 51 : 00",23.44164840000000, 
"23 : 51 : 01",23.43136400000000, 
"23 : 51 : 02",23.40956490000000, 
"23 : 51 : 03",23.40834800000000, 
"23 : 51 : 04",23.40211480000000, 
"23 : 51 : 05",23.41822810000000, 
"23 : 51 : 06",23.41430090000000, 
"23 : 51 : 07",23.42765800000000, 
"23 : 51 : 08",23.45928760000000, 
"23 : 51 : 09",23.47310820000000, 
"23 : 51 : 10",23.46956060000000, 
"23 : 51 : 11",23.47443960000000, 
"23 : 51 : 12",23.56215850000000, 
"23 : 51 : 13",23.59054370000000, 
"23 : 51 : 14",23.61944960000000, 
"23 : 51 : 15",23.59962840000000, 
"23 : 51 : 16",23.58575820000000, 
"23 : 51 : 17",23.56329530000000, 
"23 : 51 : 18",23.55561250000000, 
"23 : 51 : 19",23.55567350000000, 
"23 : 51 : 20",23.54974740000000, 
"23 : 51 : 21",23.55046080000000, 
"23 : 51 : 22",23.56227110000000, 
"23 : 51 : 23",23.57075110000000, 
"23 : 51 : 24",23.55522150000000, 
"23 : 51 : 25",23.56599610000000, 
"23 : 51 : 26",23.57221600000000, 
"23 : 51 : 27",23.61775200000000, 
"23 : 51 : 28",23.62847900000000, 
"23 : 51 : 29",23.62061110000000, 
"23 : 51 : 30",23.63294790000000, 
"23 : 51 : 31",23.65654370000000, 
"23 : 51 : 32",23.64734260000000, 
"23 : 51 : 33",23.66231910000000, 
"23 : 51 : 34",23.67981330000000, 
"23 : 51 : 35",23.70401950000000, 
"23 : 51 : 36",23.71705810000000, 
"23 : 51 : 37",23.72602650000000, 
"23 : 51 : 38",23.73338500000000, 
"23 : 51 : 39",23.74007600000000, 
"23 : 51 : 40",23.70602030000000, 
"23 : 51 : 41",23.71618270000000, 
"23 : 51 : 42",23.74398040000000, 
"23 : 51 : 43",23.74960320000000, 
"23 : 51 : 44",23.74672880000000, 
"23 : 51 : 45",23.76086800000000, 
"23 : 51 : 46",23.77098460000000, 
"23 : 51 : 47",23.76530830000000, 
"23 : 51 : 48",23.77696220000000, 
"23 : 51 : 49",23.78507040000000, 
"23 : 51 : 50",23.79278370000000, 
"23 : 51 : 51",23.79972260000000, 
"23 : 51 : 52",23.73438640000000, 
"23 : 51 : 53",23.70289990000000, 
"23 : 51 : 54",23.68498990000000, 
"23 : 51 : 55",23.69459150000000, 
"23 : 51 : 56",23.69760130000000, 
"23 : 51 : 57",23.68910400000000, 
"23 : 51 : 58",23.68024250000000, 
"23 : 51 : 59",23.66015620000000, 
"23 : 52 : 00",23.64111320000000, 
"23 : 52 : 01",23.63025280000000, 
"23 : 52 : 02",23.61025420000000, 
"23 : 52 : 03",23.58706090000000, 
"23 : 52 : 04",23.58102030000000, 
"23 : 52 : 05",23.60129160000000, 
"23 : 52 : 06",23.60131830000000, 
"23 : 52 : 07",23.62289040000000, 
"23 : 52 : 08",23.64705270000000, 
"23 : 52 : 09",23.63849060000000, 
"23 : 52 : 10",23.63771050000000, 
"23 : 52 : 11",23.64714620000000, 
"23 : 52 : 12",23.64379110000000, 
"23 : 52 : 13",23.63337320000000, 
"23 : 52 : 14",23.62147140000000, 
"23 : 52 : 15",23.60852050000000, 
"23 : 52 : 16",23.61661910000000, 
"23 : 52 : 17",23.61736290000000, 
"23 : 52 : 18",23.61413950000000, 
"23 : 52 : 19",23.59853550000000, 
"23 : 52 : 20",23.59702300000000, 
"23 : 52 : 21",23.59155460000000, 
"23 : 52 : 22",23.58306500000000, 
"23 : 52 : 23",23.58388130000000, 
"23 : 52 : 24",23.58498380000000, 
"23 : 52 : 25",23.57658760000000, 
"23 : 52 : 26",23.57640640000000, 
"23 : 52 : 27",23.57169150000000, 
"23 : 52 : 28",23.55766860000000, 
"23 : 52 : 29",23.56671520000000, 
"23 : 52 : 30",23.56398960000000, 
"23 : 52 : 31",23.56634520000000, 
"23 : 52 : 32",23.57221980000000, 
"23 : 52 : 33",23.57525630000000, 
"23 : 52 : 34",23.56623640000000, 
"23 : 52 : 35",23.55961600000000, 
"23 : 52 : 36",23.55485720000000, 
"23 : 52 : 37",23.53993410000000, 
"23 : 52 : 38",23.54807660000000, 
"23 : 52 : 39",23.56482500000000, 
"23 : 52 : 40",23.57355300000000, 
"23 : 52 : 41",23.56588930000000, 
"23 : 52 : 42",23.55879020000000, 
"23 : 52 : 43",23.56369780000000, 
"23 : 52 : 44",23.57125280000000, 
"23 : 52 : 45",23.55333130000000, 
"23 : 52 : 46",23.56683150000000, 
"23 : 52 : 47",23.57237620000000, 
"23 : 52 : 48",23.57574080000000, 
"23 : 52 : 49",23.58802600000000, 
"23 : 52 : 50",23.58311840000000, 
"23 : 52 : 51",23.58247180000000, 
"23 : 52 : 53",23.58726880000000, 
"23 : 52 : 53",23.60342210000000, 
"23 : 52 : 54",23.60293960000000, 
"23 : 52 : 55",23.59394260000000, 
"23 : 52 : 56",23.58968730000000, 
"23 : 52 : 57",23.59292410000000, 
"23 : 52 : 58",23.57696720000000, 
"23 : 52 : 59",23.56596560000000, 
"23 : 53 : 00",23.56652250000000, 
"23 : 53 : 01",23.55447000000000, 
"23 : 53 : 02",23.55883400000000, 
"23 : 53 : 03",23.56000700000000, 
"23 : 53 : 04",23.56946180000000, 
"23 : 53 : 05",23.56115720000000, 
"23 : 53 : 06",23.58501810000000, 
"23 : 53 : 07",23.57442850000000, 
"23 : 53 : 08",23.55355450000000, 
"23 : 53 : 09",23.54601660000000, 
"23 : 53 : 11",23.54076380000000, 
"23 : 53 : 11",23.53034210000000, 
"23 : 53 : 12",23.54801550000000, 
"23 : 53 : 13",23.54951090000000, 
"23 : 53 : 14",23.56094930000000, 
"23 : 53 : 15",23.57952690000000, 
"23 : 53 : 16",23.56355660000000, 
"23 : 53 : 18",23.54308700000000, 
"23 : 53 : 18",23.55875390000000, 
"23 : 53 : 19",23.56509010000000, 
"23 : 53 : 21",23.57334320000000, 
"23 : 53 : 21",23.57041740000000, 
"23 : 53 : 23",23.58666030000000, 
"23 : 53 : 23",23.56702230000000, 
"23 : 53 : 25",23.56411170000000, 
"23 : 53 : 26",23.57329170000000, 
"23 : 53 : 26",23.57419200000000, 
"23 : 53 : 28",23.57065390000000, 
"23 : 53 : 28",23.56667130000000, 
"23 : 53 : 30",23.54258340000000, 
"23 : 53 : 31",23.53438940000000, 
"23 : 53 : 31",23.54042240000000, 
"23 : 53 : 33",23.55080600000000, 
"23 : 53 : 33",23.55522530000000, 
"23 : 53 : 35",23.56685060000000, 
"23 : 53 : 36",23.57396310000000, 
"23 : 53 : 36",23.57611460000000, 
"23 : 53 : 37",23.57745170000000, 
"23 : 53 : 38",23.59575270000000, 
"23 : 53 : 40",23.59711830000000, 
"23 : 53 : 41",23.59366980000000, 
"23 : 53 : 42",23.59833520000000, 
"23 : 53 : 43",23.60054200000000, 
"23 : 53 : 44",23.59511180000000, 
"23 : 53 : 45",23.59534830000000, 
"23 : 53 : 46",23.62532420000000, 
"23 : 53 : 47",23.61688230000000, 
"23 : 53 : 48",23.59392540000000, 
"23 : 53 : 49",23.60170740000000, 
"23 : 53 : 50",23.60548010000000, 
"23 : 53 : 51",23.58701700000000, 
"23 : 53 : 52",23.57524290000000, 
"23 : 53 : 53",23.58832550000000, 
"23 : 53 : 54",23.59476080000000, 
"23 : 53 : 55",23.57020180000000, 
"23 : 53 : 56",23.55556100000000, 
"23 : 53 : 57",23.55235090000000, 
"23 : 53 : 58",23.55093380000000, 
"23 : 53 : 59",23.55140300000000, 
"23 : 54 : 00",23.56010430000000, 
"23 : 54 : 01",23.55814930000000, 
"23 : 54 : 02",23.55887410000000, 
"23 : 54 : 03",23.55275150000000, 
"23 : 54 : 04",23.56277460000000, 
"23 : 54 : 05",23.59860800000000, 
"23 : 54 : 06",23.60886380000000, 
"23 : 54 : 07",23.59536360000000, 
"23 : 54 : 08",23.60116570000000, 
"23 : 54 : 09",23.60531990000000, 
"23 : 54 : 10",23.59770770000000, 
"23 : 54 : 11",23.61244010000000, 
"23 : 54 : 12",23.61102670000000, 
"23 : 54 : 13",23.62856860000000, 
"23 : 54 : 14",23.61928360000000, 
"23 : 54 : 15",23.63325110000000, 
"23 : 54 : 16",23.63112060000000, 
"23 : 54 : 17",23.63849830000000, 
"23 : 54 : 18",23.61611360000000, 
"23 : 54 : 19",23.59542080000000, 
"23 : 54 : 20",23.54162970000000, 
"23 : 54 : 21",23.52946660000000, 
"23 : 54 : 22",23.51571270000000, 
"23 : 54 : 23",23.53230660000000, 
"23 : 54 : 24",23.53398510000000, 
"23 : 54 : 25",23.53709030000000, 
"23 : 54 : 26",23.53743360000000, 
"23 : 54 : 27",23.53017420000000, 
"23 : 54 : 28",23.52956190000000, 
"23 : 54 : 29",23.52729220000000, 
"23 : 54 : 30",23.53480910000000, 
"23 : 54 : 31",23.53487010000000, 
"23 : 54 : 32",23.54853430000000, 
"23 : 54 : 33",23.55872150000000, 
"23 : 54 : 34",23.57393640000000, 
"23 : 54 : 35",23.56777570000000, 
"23 : 54 : 36",23.52999490000000, 
"23 : 54 : 37",23.52912520000000, 
"23 : 54 : 38",23.52807230000000, 
"23 : 54 : 39",23.51594730000000, 
"23 : 54 : 40",23.52768130000000, 
"23 : 54 : 41",23.54413600000000, 
"23 : 54 : 42",23.55428500000000, 
"23 : 54 : 43",23.58804510000000, 
"23 : 54 : 44",23.59654420000000, 
"23 : 54 : 45",23.57666010000000, 
"23 : 54 : 46",23.56399720000000, 
"23 : 54 : 47",23.54988470000000, 
"23 : 54 : 48",23.53847880000000, 
"23 : 54 : 49",23.53112790000000, 
"23 : 54 : 50",23.54373740000000, 
"23 : 54 : 51",23.54049870000000, 
"23 : 54 : 52",23.55210870000000, 
"23 : 54 : 53",23.55550760000000, 
"23 : 54 : 54",23.55297080000000, 
"23 : 54 : 55",23.56659690000000, 
"23 : 54 : 56",23.56630510000000, 
"23 : 54 : 57",23.57503310000000, 
"23 : 54 : 58",23.57379720000000, 
"23 : 54 : 59",23.58461180000000, 
"23 : 55 : 00",23.59505080000000, 
"23 : 55 : 01",23.58588210000000, 
"23 : 55 : 02",23.59549140000000, 
"23 : 55 : 03",23.59447660000000, 
"23 : 55 : 04",23.58722870000000, 
"23 : 55 : 05",23.58225630000000, 
"23 : 55 : 06",23.58088870000000, 
"23 : 55 : 07",23.61832040000000, 
"23 : 55 : 08",23.64358130000000, 
"23 : 55 : 09",23.66781230000000, 
"23 : 55 : 10",23.65652080000000, 
"23 : 55 : 11",23.65984910000000, 
"23 : 55 : 12",23.65683930000000, 
"23 : 55 : 13",23.67160410000000, 
"23 : 55 : 14",23.67433350000000, 
"23 : 55 : 15",23.69521900000000, 
"23 : 55 : 16",23.71446030000000, 
"23 : 55 : 17",23.73207090000000, 
"23 : 55 : 18",23.73393820000000, 
"23 : 55 : 19",23.74738690000000, 
"23 : 55 : 20",23.75223150000000, 
"23 : 55 : 21",23.75527380000000, 
"23 : 55 : 22",23.78456300000000, 
"23 : 55 : 23",23.79235070000000, 
"23 : 55 : 24",23.80807300000000, 
"23 : 55 : 25",23.82561680000000, 
"23 : 55 : 26",23.81672660000000, 
"23 : 55 : 27",23.81047630000000, 
"23 : 55 : 28",23.84571260000000, 
"23 : 55 : 29",23.83789630000000, 
"23 : 55 : 30",23.82589720000000, 
"23 : 55 : 31",23.81468580000000, 
"23 : 55 : 32",23.76490400000000, 
"23 : 55 : 33",23.73139570000000, 
"23 : 55 : 34",23.72426410000000, 
"23 : 55 : 35",23.72549620000000, 
"23 : 55 : 36",23.69255630000000, 
"23 : 55 : 37",23.67847820000000, 
"23 : 55 : 38",23.67767330000000, 
"23 : 55 : 39",23.68234630000000, 
"23 : 55 : 40",23.65730470000000, 
"23 : 55 : 41",23.63932800000000, 
"23 : 55 : 42",23.63261220000000, 
"23 : 55 : 43",23.61293980000000, 
"23 : 55 : 44",23.61278720000000, 
"23 : 55 : 45",23.59802620000000, 
"23 : 55 : 46",23.61197660000000, 
"23 : 55 : 47",23.60102460000000, 
"23 : 55 : 48",23.59567070000000, 
"23 : 55 : 49",23.63986200000000, 
"23 : 55 : 50",23.66047470000000, 
"23 : 55 : 51",23.65945810000000, 
"23 : 55 : 52",23.65908430000000, 
"23 : 55 : 53",23.66213980000000, 
"23 : 55 : 54",23.66087340000000, 
"23 : 55 : 55",23.67788120000000, 
"23 : 55 : 56",23.68269720000000, 
"23 : 55 : 57",23.69429390000000, 
"23 : 55 : 58",23.68508720000000, 
"23 : 55 : 59",23.69725600000000, 
"23 : 56 : 00",23.67354390000000, 
"23 : 56 : 01",23.68385690000000, 
"23 : 56 : 02",23.69612120000000, 
"23 : 56 : 03",23.66781420000000, 
"23 : 56 : 04",23.65678400000000, 
"23 : 56 : 05",23.66470330000000, 
"23 : 56 : 06",23.66246980000000, 
"23 : 56 : 07",23.67259020000000, 
"23 : 56 : 08",23.67102050000000, 
"23 : 56 : 09",23.64064970000000, 
"23 : 56 : 10",23.64248270000000, 
"23 : 56 : 11",23.62713240000000, 
"23 : 56 : 12",23.63628190000000, 
"23 : 56 : 13",23.66481590000000, 
"23 : 56 : 14",23.66312780000000, 
"23 : 56 : 15",23.70579140000000, 
"23 : 56 : 16",23.67418670000000, 
"23 : 56 : 17",23.66142650000000, 
"23 : 56 : 18",23.65599250000000, 
"23 : 56 : 19",23.67785070000000, 
"23 : 56 : 20",23.67722120000000, 
"23 : 56 : 21",23.69452090000000, 
"23 : 56 : 22",23.71351430000000, 
"23 : 56 : 23",23.68753240000000, 
"23 : 56 : 24",23.67300600000000, 
"23 : 56 : 25",23.66379540000000, 
"23 : 56 : 26",23.62090870000000, 
"23 : 56 : 27",23.62164300000000, 
"23 : 56 : 28",23.61608880000000, 
"23 : 56 : 29",23.61272040000000, 
"23 : 56 : 30",23.60510630000000, 
"23 : 56 : 31",23.57746310000000, 
"23 : 56 : 32",23.57855030000000, 
"23 : 56 : 33",23.55642120000000, 
"23 : 56 : 34",23.56414410000000, 
"23 : 56 : 35",23.58396140000000, 
"23 : 56 : 36",23.58687780000000, 
"23 : 56 : 37",23.58311650000000, 
"23 : 56 : 38",23.60053630000000, 
"23 : 56 : 39",23.60381120000000, 
"23 : 56 : 40",23.60642620000000, 
"23 : 56 : 41",23.60329810000000, 
"23 : 56 : 42",23.61150360000000, 
"23 : 56 : 43",23.59965130000000, 
"23 : 56 : 44",23.60781090000000, 
"23 : 56 : 45",23.60260200000000, 
"23 : 56 : 46",23.60693930000000, 
"23 : 56 : 47",23.62129210000000, 
"23 : 56 : 48",23.61355400000000, 
"23 : 56 : 49",23.60573760000000, 
"23 : 56 : 50",23.60816570000000, 
"23 : 56 : 51",23.61310000000000, 
"23 : 56 : 52",23.62854000000000, 
"23 : 56 : 53",23.61531820000000, 
"23 : 56 : 54",23.61044120000000, 
"23 : 56 : 55",23.62074080000000, 
"23 : 56 : 56",23.60286900000000, 
"23 : 56 : 57",23.58831400000000, 
"23 : 56 : 58",23.58738510000000, 
"23 : 56 : 59",23.59578130000000, 
"23 : 57 : 00",23.60310550000000, 
"23 : 57 : 01",23.60419080000000, 
"23 : 57 : 02",23.61435690000000, 
"23 : 57 : 03",23.62426750000000, 
"23 : 57 : 04",23.63532060000000, 
"23 : 57 : 05",23.63393210000000, 
"23 : 57 : 06",23.63052740000000, 
"23 : 57 : 07",23.64658540000000, 
"23 : 57 : 08",23.65547750000000, 
"23 : 57 : 09",23.64991760000000, 
"23 : 57 : 10",23.65377800000000, 
"23 : 57 : 11",23.65489380000000, 
"23 : 57 : 12",23.66405670000000, 
"23 : 57 : 13",23.66559210000000, 
"23 : 57 : 14",23.65029330000000, 
"23 : 57 : 15",23.64654150000000, 
"23 : 57 : 16",23.65089980000000, 
"23 : 57 : 17",23.65692520000000, 
"23 : 57 : 18",23.65331070000000, 
"23 : 57 : 19",23.66149710000000, 
"23 : 57 : 20",23.66522970000000, 
"23 : 57 : 21",23.66736980000000, 
"23 : 57 : 22",23.65463440000000, 
"23 : 57 : 23",23.65254020000000, 
"23 : 57 : 24",23.65329930000000, 
"23 : 57 : 25",23.64873120000000, 
"23 : 57 : 26",23.64648240000000, 
"23 : 57 : 27",23.63868710000000, 
"23 : 57 : 28",23.64489930000000, 
"23 : 57 : 29",23.64918700000000, 
"23 : 57 : 30",23.67291640000000, 
"23 : 57 : 31",23.69145580000000, 
"23 : 57 : 32",23.69100950000000, 
"23 : 57 : 33",23.67899510000000, 
"23 : 57 : 34",23.68404190000000, 
"23 : 57 : 35",23.67457000000000, 
"23 : 57 : 36",23.67192450000000, 
"23 : 57 : 37",23.65426630000000, 
"23 : 57 : 38",23.63640020000000, 
"23 : 57 : 39",23.63482090000000, 
"23 : 57 : 40",23.64241210000000, 
"23 : 57 : 41",23.63379280000000, 
"23 : 57 : 42",23.63825980000000, 
"23 : 57 : 43",23.62406530000000, 
"23 : 57 : 44",23.61925880000000, 
"23 : 57 : 45",23.62611770000000, 
"23 : 57 : 46",23.63598060000000, 
"23 : 57 : 47",23.63764760000000, 
"23 : 57 : 48",23.62375250000000, 
"23 : 57 : 49",23.61631580000000, 
"23 : 57 : 50",23.62488360000000, 
"23 : 57 : 51",23.62399290000000, 
"23 : 57 : 52",23.61388200000000, 
"23 : 57 : 53",23.61119460000000, 
"23 : 57 : 54",23.58942790000000, 
"23 : 57 : 55",23.59403610000000, 
"23 : 57 : 56",23.60529130000000, 
"23 : 57 : 57",23.61011310000000, 
"23 : 57 : 58",23.60938070000000, 
"23 : 57 : 59",23.61644170000000, 
"23 : 58 : 00",23.61492150000000, 
"23 : 58 : 01",23.60007470000000, 
"23 : 58 : 02",23.60988230000000, 
"23 : 58 : 03",23.61518090000000, 
"23 : 58 : 04",23.62211220000000, 
"23 : 58 : 05",23.61298560000000, 
"23 : 58 : 06",23.61958120000000, 
"23 : 58 : 07",23.62333480000000, 
"23 : 58 : 08",23.62806320000000, 
"23 : 58 : 09",23.63014980000000, 
"23 : 58 : 10",23.62723350000000, 
"23 : 58 : 11",23.62376590000000, 
"23 : 58 : 12",23.62343590000000, 
"23 : 58 : 13",23.61923780000000, 
"23 : 58 : 14",23.60011480000000, 
"23 : 58 : 15",23.58941450000000, 
"23 : 58 : 16",23.60603710000000, 
"23 : 58 : 17",23.60122870000000, 
"23 : 58 : 18",23.59458350000000, 
"23 : 58 : 19",23.58221240000000, 
"23 : 58 : 20",23.57006070000000, 
"23 : 58 : 21",23.58341970000000, 
"23 : 58 : 22",23.58418080000000, 
"23 : 58 : 23",23.59969900000000, 
"23 : 58 : 25",23.63006400000000, 
"23 : 58 : 25",23.64357750000000, 
"23 : 58 : 26",23.64035600000000, 
"23 : 58 : 27",23.63092230000000, 
"23 : 58 : 28",23.62656970000000, 
"23 : 58 : 29",23.61495010000000, 
"23 : 58 : 30",23.62144470000000, 
"23 : 58 : 31",23.62504950000000, 
"23 : 58 : 32",23.62222480000000, 
"23 : 58 : 33",23.61820980000000, 
"23 : 58 : 34",23.61293790000000, 
"23 : 58 : 35",23.60994140000000, 
"23 : 58 : 36",23.60099220000000, 
"23 : 58 : 38",23.59934040000000, 
"23 : 58 : 38",23.59723280000000, 
"23 : 58 : 39",23.58775130000000, 
"23 : 58 : 40",23.59982680000000, 
"23 : 58 : 41",23.59440230000000, 
"23 : 58 : 42",23.59765240000000, 
"23 : 58 : 43",23.60959240000000, 
"23 : 58 : 44",23.60461420000000, 
"23 : 58 : 45",23.60737990000000, 
"23 : 58 : 46",23.61324110000000, 
"23 : 58 : 47",23.60925100000000, 
"23 : 58 : 48",23.60193060000000, 
"23 : 58 : 49",23.60213470000000, 
"23 : 58 : 51",23.59489250000000, 
"23 : 58 : 51",23.59730140000000, 
"23 : 58 : 52",23.59617990000000, 
"23 : 58 : 53",23.59409140000000, 
"23 : 58 : 54",23.56439590000000, 
"23 : 58 : 55",23.57716560000000, 
"23 : 58 : 56",23.58021160000000, 
"23 : 58 : 57",23.57556340000000, 
"23 : 58 : 58",23.57970040000000, 
"23 : 58 : 59",23.58102980000000, 
"23 : 59 : 00",23.59588810000000, 
"23 : 59 : 01",23.60991850000000, 
"23 : 59 : 02",23.60115810000000, 
"23 : 59 : 04",23.60486220000000, 
"23 : 59 : 05",23.60074610000000, 
"23 : 59 : 05",23.58180040000000, 
"23 : 59 : 07",23.58524700000000, 
"23 : 59 : 07",23.61631390000000, 
"23 : 59 : 08",23.64210120000000, 
"23 : 59 : 10",23.62415500000000, 
"23 : 59 : 10",23.61477660000000, 
"23 : 59 : 11",23.59364890000000, 
"23 : 59 : 12",23.58408540000000, 
"23 : 59 : 13",23.58883850000000, 
"23 : 59 : 14",23.58988950000000, 
"23 : 59 : 15",23.59194180000000, 
"23 : 59 : 17",23.58743850000000, 
"23 : 59 : 17",23.59380530000000, 
"23 : 59 : 18",23.59038920000000, 
"23 : 59 : 20",23.59540930000000, 
"23 : 59 : 20",23.59107010000000, 
"23 : 59 : 22",23.58683010000000, 
"23 : 59 : 22",23.58884620000000, 
"23 : 59 : 23",23.60025780000000, 
"23 : 59 : 24",23.59832190000000, 
"23 : 59 : 25",23.58212850000000, 
"23 : 59 : 26",23.57966610000000, 
"23 : 59 : 27",23.58343500000000, 
"23 : 59 : 28",23.59758750000000, 
"23 : 59 : 29",23.60632700000000, 
"23 : 59 : 30",23.60188290000000, 
"23 : 59 : 31",23.60580440000000, 
"23 : 59 : 33",23.63010970000000, 
"23 : 59 : 33",23.67069620000000, 
"23 : 59 : 34",23.69066420000000, 
"23 : 59 : 35",23.69887160000000, 
"23 : 59 : 36",23.69322960000000, 
"23 : 59 : 37",23.67610740000000, 
"23 : 59 : 38",23.66746330000000, 
"23 : 59 : 40",23.66456030000000, 
"23 : 59 : 41",23.67002100000000, 
"23 : 59 : 41",23.66781040000000, 
"23 : 59 : 43",23.66880600000000, 
"23 : 59 : 43",23.66083900000000, 
"23 : 59 : 45",23.67100710000000, 
"23 : 59 : 46",23.67452230000000, 
"23 : 59 : 47",23.66521450000000, 
"23 : 59 : 48",23.66767880000000, 
"23 : 59 : 49",23.65831180000000, 
"23 : 59 : 50",23.65143770000000, 
"23 : 59 : 51",23.65419760000000, 
"23 : 59 : 52",23.64979930000000, 
"23 : 59 : 53",23.65111730000000, 
"23 : 59 : 54",23.63750450000000, 
"23 : 59 : 55",23.64965620000000, 
"23 : 59 : 56",23.64539140000000, 
"23 : 59 : 57",23.67464250000000, 
"23 : 59 : 58",23.66821670000000, 
"23 : 59 : 59",23.66859050000000, 
"00 : 00 : 00",23.68066780000000, 
"00 : 00 : 01",23.69822120000000, 
"00 : 00 : 02",23.70000260000000, 
"00 : 00 : 03",23.70848650000000, 
"00 : 00 : 04",23.71933930000000, 
"00 : 00 : 05",23.72228430000000, 
"00 : 00 : 06",23.70755380000000, 
"00 : 00 : 07",23.71706580000000, 
"00 : 00 : 08",23.71760360000000, 
"00 : 00 : 09",23.71675870000000, 
"00 : 00 : 10",23.70523640000000, 
"00 : 00 : 11",23.70768350000000, 
"00 : 00 : 12",23.70192330000000, 
"00 : 00 : 13",23.70887560000000, 
"00 : 00 : 14",23.69602200000000, 
"00 : 00 : 15",23.70956230000000, 
"00 : 00 : 16",23.69886970000000, 
"00 : 00 : 17",23.69453430000000, 
"00 : 00 : 18",23.69826120000000, 
"00 : 00 : 19",23.69805330000000, 
"00 : 00 : 20",23.69289770000000, 
"00 : 00 : 21",23.67513460000000, 
"00 : 00 : 22",23.65882680000000, 
"00 : 00 : 23",23.65927120000000, 
"00 : 00 : 24",23.65552710000000, 
"00 : 00 : 25",23.65625380000000, 
"00 : 00 : 26",23.65906710000000, 
"00 : 00 : 27",23.65351860000000, 
"00 : 00 : 28",23.66244690000000, 
"00 : 00 : 29",23.65349000000000, 
"00 : 00 : 30",23.65079300000000, 
"00 : 00 : 31",23.65212440000000, 
"00 : 00 : 32",23.66550440000000, 
"00 : 00 : 33",23.66903110000000, 
"00 : 00 : 34",23.66569900000000, 
"00 : 00 : 35",23.68715280000000, 
"00 : 00 : 36",23.69163320000000, 
"00 : 00 : 37",23.69314380000000, 
"00 : 00 : 38",23.70967480000000, 
"00 : 00 : 39",23.70212550000000, 
"00 : 00 : 40",23.69495960000000, 
"00 : 00 : 41",23.70114130000000, 
"00 : 00 : 42",23.71098320000000, 
"00 : 00 : 43",23.71937370000000, 
"00 : 00 : 44",23.70735540000000, 
"00 : 00 : 45",23.70976250000000, 
"00 : 00 : 46",23.72456740000000, 
"00 : 00 : 47",23.74647330000000, 
"00 : 00 : 48",23.75988380000000, 
"00 : 00 : 49",23.77120010000000, 
"00 : 00 : 50",23.76382630000000, 
"00 : 00 : 51",23.74799720000000, 
"00 : 00 : 52",23.75708000000000, 
"00 : 00 : 53",23.76160810000000, 
"00 : 00 : 54",23.75939550000000, 
"00 : 00 : 55",23.75455280000000, 
"00 : 00 : 56",23.75935930000000, 
"00 : 00 : 57",23.76911350000000, 
"00 : 00 : 58",23.75515740000000, 
"00 : 00 : 59",23.74594490000000, 
"00 : 01 : 00",23.73497200000000, 
"00 : 01 : 01",23.72218130000000, 
"00 : 01 : 02",23.70340340000000, 
"00 : 01 : 03",23.67859450000000, 
"00 : 01 : 04",23.68288800000000, 
"00 : 01 : 05",23.70006170000000, 
"00 : 01 : 06",23.75012390000000, 
"00 : 01 : 07",23.73774900000000, 
"00 : 01 : 08",23.75223350000000, 
"00 : 01 : 09",23.76622000000000, 
"00 : 01 : 10",23.80279540000000, 
"00 : 01 : 11",23.80005260000000, 
"00 : 01 : 12",23.80656810000000, 
"00 : 01 : 13",23.81946180000000, 
"00 : 01 : 14",23.82541080000000, 
"00 : 01 : 15",23.83459470000000, 
"00 : 01 : 16",23.85027310000000, 
"00 : 01 : 17",23.88469310000000, 
"00 : 01 : 18",23.88996500000000, 
"00 : 01 : 19",23.89725490000000, 
"00 : 01 : 20",23.88317480000000, 
"00 : 01 : 21",23.89858620000000, 
"00 : 01 : 22",23.89491840000000, 
"00 : 01 : 23",23.89190670000000, 
"00 : 01 : 24",23.86460300000000, 
"00 : 01 : 25",23.84569350000000, 
"00 : 01 : 26",23.81719580000000, 
"00 : 01 : 27",23.81591220000000, 
"00 : 01 : 28",23.81828490000000, 
"00 : 01 : 29",23.80878820000000, 
"00 : 01 : 30",23.79628560000000, 
"00 : 01 : 31",23.80080220000000, 
"00 : 01 : 32",23.81662360000000, 
"00 : 01 : 33",23.82018280000000, 
"00 : 01 : 34",23.81403160000000, 
"00 : 01 : 35",23.80311580000000, 
"00 : 01 : 36",23.81674190000000, 
"00 : 01 : 37",23.81476020000000, 
"00 : 01 : 38",23.82058900000000, 
"00 : 01 : 39",23.80998800000000, 
"00 : 01 : 40",23.81694600000000, 
"00 : 01 : 41",23.81874270000000, 
"00 : 01 : 42",23.78820030000000, 
"00 : 01 : 43",23.79425430000000, 
"00 : 01 : 44",23.79814520000000, 
"00 : 01 : 45",23.80004500000000, 
"00 : 01 : 46",23.79664800000000, 
"00 : 01 : 47",23.76450920000000, 
"00 : 01 : 48",23.75498390000000, 
"00 : 01 : 49",23.74037360000000, 
"00 : 01 : 50",23.72150800000000, 
"00 : 01 : 51",23.68952560000000, 
"00 : 01 : 52",23.67301360000000, 
"00 : 01 : 53",23.65941610000000, 
"00 : 01 : 54",23.65227890000000, 
"00 : 01 : 55",23.63873670000000, 
"00 : 01 : 56",23.63988490000000, 
"00 : 01 : 57",23.62986750000000, 
"00 : 01 : 58",23.62586210000000, 
"00 : 01 : 59",23.63269420000000, 
"00 : 02 : 00",23.62207030000000, 
"00 : 02 : 01",23.62728110000000, 
"00 : 02 : 02",23.63858410000000, 
"00 : 02 : 03",23.63006970000000, 
"00 : 02 : 04",23.61792940000000, 
"00 : 02 : 05",23.62293240000000, 
"00 : 02 : 06",23.64944450000000, 
"00 : 02 : 07",23.64568320000000, 
"00 : 02 : 08",23.63340950000000, 
"00 : 02 : 09",23.61658090000000, 
"00 : 02 : 10",23.62670130000000, 
"00 : 02 : 11",23.64108840000000, 
"00 : 02 : 12",23.63187980000000, 
"00 : 02 : 13",23.63628760000000, 
"00 : 02 : 14",23.63943290000000, 
"00 : 02 : 15",23.64750480000000, 
"00 : 02 : 16",23.67542450000000, 
"00 : 02 : 17",23.70271680000000, 
"00 : 02 : 18",23.71046250000000, 
"00 : 02 : 19",23.73039430000000, 
"00 : 02 : 20",23.75822440000000, 
"00 : 02 : 21",23.77310180000000, 
"00 : 02 : 22",23.77400200000000, 
"00 : 02 : 23",23.77265930000000, 
"00 : 02 : 24",23.78204150000000, 
"00 : 02 : 25",23.77429770000000, 
"00 : 02 : 26",23.78793330000000, 
"00 : 02 : 27",23.78222460000000, 
"00 : 02 : 28",23.74965090000000, 
"00 : 02 : 29",23.72537420000000, 
"00 : 02 : 30",23.71835700000000, 
"00 : 02 : 31",23.72136300000000, 
"00 : 02 : 32",23.73896980000000, 
"00 : 02 : 33",23.74427790000000, 
"00 : 02 : 34",23.74026870000000, 
"00 : 02 : 35",23.77631560000000, 
"00 : 02 : 36",23.79203790000000, 
"00 : 02 : 37",23.81828490000000, 
"00 : 02 : 38",23.82701110000000, 
"00 : 02 : 39",23.82454290000000, 
"00 : 02 : 40",23.82540130000000, 
"00 : 02 : 41",23.82055090000000, 
"00 : 02 : 42",23.83847040000000, 
"00 : 02 : 43",23.83981700000000, 
"00 : 02 : 44",23.83130260000000, 
"00 : 02 : 45",23.84397880000000, 
"00 : 02 : 46",23.85536380000000, 
"00 : 02 : 47",23.87215420000000, 
"00 : 02 : 48",23.87199780000000, 
"00 : 02 : 49",23.85611340000000, 
"00 : 02 : 50",23.87341300000000, 
"00 : 02 : 51",23.88604730000000, 
"00 : 02 : 52",23.88596340000000, 
"00 : 02 : 53",23.90452760000000, 
"00 : 02 : 54",23.91875640000000, 
"00 : 02 : 55",23.88415710000000, 
"00 : 02 : 56",23.86975470000000, 
"00 : 02 : 57",23.83222000000000, 
"00 : 02 : 58",23.82819930000000, 
"00 : 02 : 59",23.83627510000000, 
"00 : 03 : 00",23.86643600000000, 
"00 : 03 : 01",23.88086890000000, 
"00 : 03 : 02",23.87700460000000, 
"00 : 03 : 03",23.87979310000000, 
"00 : 03 : 04",23.89042090000000, 
"00 : 03 : 05",23.89335060000000, 
"00 : 03 : 06",23.91763490000000, 
"00 : 03 : 07",23.91965100000000, 
"00 : 03 : 08",23.93747320000000, 
"00 : 03 : 09",23.97127150000000, 
"00 : 03 : 10",24.00748440000000, 
"00 : 03 : 11",23.98041720000000, 
"00 : 03 : 12",23.97397040000000, 
"00 : 03 : 13",23.96014780000000, 
"00 : 03 : 14",23.94750020000000, 
"00 : 03 : 15",23.94129560000000, 
"00 : 03 : 16",23.93727870000000, 
"00 : 03 : 17",23.94656370000000, 
"00 : 03 : 18",23.93029590000000, 
"00 : 03 : 19",23.91824150000000, 
"00 : 03 : 20",23.92307660000000, 
"00 : 03 : 21",23.94041820000000, 
"00 : 03 : 22",23.94672960000000, 
"00 : 03 : 23",23.94611540000000, 
"00 : 03 : 24",23.94334600000000, 
"00 : 03 : 25",23.93112940000000, 
"00 : 03 : 26",23.93690100000000, 
"00 : 03 : 27",23.93877220000000, 
"00 : 03 : 28",23.95129200000000, 
"00 : 03 : 30",23.98227500000000, 
"00 : 03 : 30",24.00813100000000, 
"00 : 03 : 31",23.98152350000000, 
"00 : 03 : 32",23.98991960000000, 
"00 : 03 : 33",24.01161570000000, 
"00 : 03 : 34",24.01498980000000, 
"00 : 03 : 35",24.00728980000000, 
"00 : 03 : 36",24.00878900000000, 
"00 : 03 : 37",23.99117270000000, 
"00 : 03 : 38",23.96546550000000, 
"00 : 03 : 39",23.94512930000000, 
"00 : 03 : 40",23.92779350000000, 
"00 : 03 : 41",23.91940110000000, 
"00 : 03 : 43",23.92842290000000, 
"00 : 03 : 43",23.95521350000000, 
"00 : 03 : 44",23.98198690000000, 
"00 : 03 : 45",23.98593900000000, 
"00 : 03 : 46",23.98160930000000, 
"00 : 03 : 47",23.97944830000000, 
"00 : 03 : 48",23.96978750000000, 
"00 : 03 : 49",23.97310250000000, 
"00 : 03 : 50",24.00273890000000, 
"00 : 03 : 51",23.99729910000000, 
"00 : 03 : 52",23.98070520000000, 
"00 : 03 : 53",23.96444700000000, 
"00 : 03 : 54",23.92992780000000, 
"00 : 03 : 56",23.93092340000000, 
"00 : 03 : 56",23.91685480000000, 
"00 : 03 : 57",23.90387910000000, 
"00 : 03 : 59",23.89458270000000, 
"00 : 03 : 59",23.91517250000000, 
"00 : 04 : 00",23.92452620000000, 
"00 : 04 : 01",23.94611930000000, 
"00 : 04 : 02",23.86362450000000, 
"00 : 04 : 03",23.82124320000000, 
"00 : 04 : 04",23.79850190000000, 
"00 : 04 : 05",23.81959340000000, 
"00 : 04 : 06",23.81342500000000, 
"00 : 04 : 07",23.84317200000000, 
"00 : 04 : 08",23.82305900000000, 
"00 : 04 : 09",23.78780930000000, 
"00 : 04 : 10",23.74445530000000, 
"00 : 04 : 11",23.71603010000000, 
"00 : 04 : 12",23.69809150000000, 
"00 : 04 : 14",23.69673910000000, 
"00 : 04 : 14",23.72100250000000, 
"00 : 04 : 15",23.73591420000000, 
"00 : 04 : 17",23.72574800000000, 
"00 : 04 : 17",23.71533200000000, 
"00 : 04 : 18",23.70991700000000, 
"00 : 04 : 19",23.70489500000000, 
"00 : 04 : 20",23.71710010000000, 
"00 : 04 : 21",23.70084950000000, 
"00 : 04 : 22",23.68771550000000, 
"00 : 04 : 23",23.67987630000000, 
"00 : 04 : 24",23.66673660000000, 
"00 : 04 : 26",23.66032790000000, 
"00 : 04 : 27",23.66394420000000, 
"00 : 04 : 27",23.66595450000000, 
"00 : 04 : 28",23.66523170000000, 
"00 : 04 : 30",23.66459080000000, 
"00 : 04 : 30",23.65959930000000, 
"00 : 04 : 32",23.65979760000000, 
"00 : 04 : 33",23.67029760000000, 
"00 : 04 : 34",23.68572420000000, 
"00 : 04 : 35",23.66399000000000, 
"00 : 04 : 36",23.65054510000000, 
"00 : 04 : 37",23.65267370000000, 
"00 : 04 : 38",23.65698240000000, 
"00 : 04 : 39",23.64469900000000, 
"00 : 04 : 40",23.63967700000000, 
"00 : 04 : 41",23.63178440000000, 
"00 : 04 : 42",23.62753670000000, 
"00 : 04 : 43",23.63328550000000, 
"00 : 04 : 44",23.62470050000000, 
"00 : 04 : 45",23.61299700000000, 
"00 : 04 : 46",23.58830260000000, 
"00 : 04 : 47",23.58831400000000, 
"00 : 04 : 48",23.58325760000000, 
"00 : 04 : 49",23.59727280000000, 
"00 : 04 : 50",23.59743110000000, 
"00 : 04 : 51",23.60247030000000, 
"00 : 04 : 52",23.62467570000000, 
"00 : 04 : 53",23.64284510000000, 
"00 : 04 : 54",23.65375130000000, 
"00 : 04 : 55",23.67274280000000, 
"00 : 04 : 56",23.63795080000000, 
"00 : 04 : 57",23.61658660000000, 
"00 : 04 : 58",23.60758780000000, 
"00 : 04 : 59",23.60824390000000, 
"00 : 05 : 00",23.61040680000000, 
"00 : 05 : 01",23.59062380000000, 
"00 : 05 : 02",23.59943770000000, 
"00 : 05 : 03",23.60276220000000, 
"00 : 05 : 04",23.60048100000000, 
"00 : 05 : 05",23.60307500000000, 
"00 : 05 : 06",23.60113520000000, 
"00 : 05 : 07",23.60354800000000, 
"00 : 05 : 08",23.61937710000000, 
"00 : 05 : 09",23.60601420000000, 
"00 : 05 : 10",23.61684790000000, 
"00 : 05 : 11",23.61470030000000, 
"00 : 05 : 12",23.62217140000000, 
"00 : 05 : 13",23.61756130000000, 
"00 : 05 : 14",23.61383810000000, 
"00 : 05 : 15",23.60492700000000, 
"00 : 05 : 16",23.61200520000000, 
"00 : 05 : 17",23.59602350000000, 
"00 : 05 : 18",23.58492270000000, 
"00 : 05 : 19",23.58225050000000, 
"00 : 05 : 20",23.58065790000000, 
"00 : 05 : 21",23.56200980000000, 
"00 : 05 : 22",23.57178870000000, 
"00 : 05 : 23",23.56765170000000, 
"00 : 05 : 24",23.56448740000000, 
"00 : 05 : 25",23.56906500000000, 
"00 : 05 : 26",23.57667160000000, 
"00 : 05 : 27",23.57217400000000, 
"00 : 05 : 28",23.55972860000000, 
"00 : 05 : 29",23.58127970000000, 
"00 : 05 : 30",23.57145690000000, 
"00 : 05 : 31",23.56460570000000, 
"00 : 05 : 32",23.54986950000000, 
"00 : 05 : 33",23.56210890000000, 
"00 : 05 : 34",23.57208060000000, 
"00 : 05 : 35",23.58040040000000, 
"00 : 05 : 36",23.59046170000000, 
"00 : 05 : 37",23.60779380000000, 
"00 : 05 : 38",23.62809560000000, 
"00 : 05 : 39",23.61747160000000, 
"00 : 05 : 40",23.63239660000000, 
"00 : 05 : 41",23.63370130000000, 
"00 : 05 : 42",23.61944190000000, 
"00 : 05 : 43",23.64346120000000, 
"00 : 05 : 44",23.63960070000000, 
"00 : 05 : 45",23.69497290000000, 
"00 : 05 : 46",23.69652740000000, 
"00 : 05 : 47",23.67633810000000, 
"00 : 05 : 48",23.67472640000000, 
"00 : 05 : 49",23.68194190000000, 
"00 : 05 : 50",23.68435660000000, 
"00 : 05 : 51",23.68202780000000, 
"00 : 05 : 52",23.68832200000000, 
"00 : 05 : 53",23.69141760000000, 
"00 : 05 : 54",23.68424790000000, 
"00 : 05 : 55",23.69292250000000, 
"00 : 05 : 56",23.70140450000000, 
"00 : 05 : 57",23.67468830000000, 
"00 : 05 : 58",23.66007610000000, 
"00 : 05 : 59",23.65571210000000, 
"00 : 06 : 00",23.64887040000000, 
"00 : 06 : 01",23.64972300000000, 
"00 : 06 : 02",23.64507290000000, 
"00 : 06 : 03",23.64907070000000, 
"00 : 06 : 04",23.65059280000000, 
"00 : 06 : 05",23.66817470000000, 
"00 : 06 : 06",23.67336080000000, 
"00 : 06 : 07",23.68830290000000, 
"00 : 06 : 08",23.69445030000000, 
"00 : 06 : 09",23.67476460000000, 
"00 : 06 : 10",23.68451490000000, 
"00 : 06 : 11",23.69268600000000, 
"00 : 06 : 12",23.68031880000000, 
"00 : 06 : 13",23.67275040000000, 
"00 : 06 : 14",23.67204660000000, 
"00 : 06 : 15",23.69087020000000, 
"00 : 06 : 16",23.72372050000000, 
"00 : 06 : 17",23.71543690000000, 
"00 : 06 : 18",23.72525400000000, 
"00 : 06 : 19",23.72569460000000, 
"00 : 06 : 20",23.71152110000000, 
"00 : 06 : 21",23.70490640000000, 
"00 : 06 : 22",23.72221180000000, 
"00 : 06 : 23",23.71678540000000, 
"00 : 06 : 24",23.70741460000000, 
"00 : 06 : 25",23.68599700000000, 
"00 : 06 : 26",23.66949270000000, 
"00 : 06 : 27",23.66614530000000, 
"00 : 06 : 28",23.65541830000000, 
"00 : 06 : 29",23.65895840000000, 
"00 : 06 : 30",23.65737720000000, 
"00 : 06 : 31",23.64572330000000, 
"00 : 06 : 32",23.64184760000000, 
"00 : 06 : 33",23.63814730000000, 
"00 : 06 : 34",23.63844290000000, 
"00 : 06 : 35",23.63029470000000, 
"00 : 06 : 36",23.63208380000000, 
"00 : 06 : 37",23.62003890000000, 
"00 : 06 : 38",23.59864420000000, 
"00 : 06 : 39",23.59085270000000, 
"00 : 06 : 40",23.59251210000000, 
"00 : 06 : 41",23.62178610000000, 
"00 : 06 : 42",23.65066520000000, 
"00 : 06 : 43",23.65107530000000, 
"00 : 06 : 44",23.65911100000000, 
"00 : 06 : 45",23.65723800000000, 
"00 : 06 : 46",23.65881720000000, 
"00 : 06 : 47",23.65916250000000, 
"00 : 06 : 48",23.63811680000000, 
"00 : 06 : 49",23.64674370000000, 
"00 : 06 : 50",23.65660850000000, 
"00 : 06 : 51",23.65957450000000, 
"00 : 06 : 52",23.69491950000000, 
"00 : 06 : 53",23.69450560000000, 
"00 : 06 : 54",23.70545000000000, 
"00 : 06 : 55",23.70449060000000, 
"00 : 06 : 56",23.68388550000000, 
"00 : 06 : 57",23.69563480000000, 
"00 : 06 : 58",23.70987510000000, 
"00 : 06 : 59",23.72193520000000, 
"00 : 07 : 00",23.74238770000000, 
"00 : 07 : 01",23.73772230000000, 
"00 : 07 : 02",23.74073020000000, 
"00 : 07 : 03",23.75104520000000, 
"00 : 07 : 04",23.75011440000000, 
"00 : 07 : 05",23.73186110000000, 
"00 : 07 : 06",23.72913360000000, 
"00 : 07 : 07",23.74720760000000, 
"00 : 07 : 08",23.73947900000000, 
"00 : 07 : 09",23.74232290000000, 
"00 : 07 : 10",23.76093290000000, 
"00 : 07 : 11",23.76330940000000, 
"00 : 07 : 12",23.76323310000000, 
"00 : 07 : 13",23.77988620000000, 
"00 : 07 : 14",23.79067230000000, 
"00 : 07 : 15",23.79738040000000, 
"00 : 07 : 16",23.79658500000000, 
"00 : 07 : 17",23.78852650000000, 
"00 : 07 : 18",23.78136250000000, 
"00 : 07 : 19",23.79699130000000, 
"00 : 07 : 20",23.78763000000000, 
"00 : 07 : 21",23.78486820000000, 
"00 : 07 : 22",23.81951140000000, 
"00 : 07 : 23",23.82193560000000, 
"00 : 07 : 24",23.78971860000000, 
"00 : 07 : 25",23.75321960000000, 
"00 : 07 : 26",23.71701040000000, 
"00 : 07 : 27",23.71446600000000, 
"00 : 07 : 28",23.71673770000000, 
"00 : 07 : 29",23.68675040000000, 
"00 : 07 : 30",23.70409960000000, 
"00 : 07 : 31",23.70024100000000, 
"00 : 07 : 32",23.69909280000000, 
"00 : 07 : 33",23.68377680000000, 
"00 : 07 : 34",23.69039150000000, 
"00 : 07 : 35",23.68733780000000, 
"00 : 07 : 36",23.68382450000000, 
"00 : 07 : 37",23.68308250000000, 
"00 : 07 : 38",23.67137710000000, 
"00 : 07 : 39",23.66735640000000, 
"00 : 07 : 40",23.66207310000000, 
"00 : 07 : 41",23.68221090000000, 
"00 : 07 : 42",23.70885460000000, 
"00 : 07 : 43",23.73847190000000, 
"00 : 07 : 44",23.74105640000000, 
"00 : 07 : 45",23.71774290000000, 
"00 : 07 : 46",23.72353930000000, 
"00 : 07 : 47",23.72175210000000, 
"00 : 07 : 48",23.70824240000000, 
"00 : 07 : 49",23.69675630000000, 
"00 : 07 : 50",23.69732470000000, 
"00 : 07 : 51",23.68680950000000, 
"00 : 07 : 52",23.66736220000000, 
"00 : 07 : 53",23.72628400000000, 
"00 : 07 : 54",23.72942350000000, 
"00 : 07 : 55",23.73615640000000, 
"00 : 07 : 56",23.76512520000000, 
"00 : 07 : 57",23.74922750000000, 
"00 : 07 : 58",23.75839990000000, 
"00 : 07 : 59",23.75283050000000, 
"00 : 08 : 00",23.74634360000000, 
"00 : 08 : 01",23.76532170000000, 
"00 : 08 : 02",23.75914760000000, 
"00 : 08 : 03",23.74979400000000, 
"00 : 08 : 04",23.76567070000000, 
"00 : 08 : 05",23.78297420000000, 
"00 : 08 : 06",23.78556820000000, 
"00 : 08 : 07",23.78948400000000, 
"00 : 08 : 08",23.78532790000000, 
"00 : 08 : 09",23.75902930000000, 
"00 : 08 : 10",23.74468990000000, 
"00 : 08 : 11",23.74038500000000, 
"00 : 08 : 12",23.76537320000000, 
"00 : 08 : 13",23.77146140000000, 
"00 : 08 : 14",23.75266640000000, 
"00 : 08 : 15",23.75898550000000, 
"00 : 08 : 16",23.77694320000000, 
"00 : 08 : 17",23.77653120000000, 
"00 : 08 : 18",23.77132030000000, 
"00 : 08 : 19",23.77115820000000, 
"00 : 08 : 20",23.76816360000000, 
"00 : 08 : 21",23.77364150000000, 
"00 : 08 : 22",23.78347960000000, 
"00 : 08 : 23",23.81447210000000, 
"00 : 08 : 24",23.81000900000000, 
"00 : 08 : 25",23.79988670000000, 
"00 : 08 : 26",23.79380790000000, 
"00 : 08 : 27",23.77118110000000, 
"00 : 08 : 28",23.73324580000000, 
"00 : 08 : 29",23.70384210000000, 
"00 : 08 : 30",23.68874350000000, 
"00 : 08 : 31",23.68683240000000, 
"00 : 08 : 32",23.70767590000000, 
"00 : 08 : 33",23.73060030000000, 
"00 : 08 : 34",23.73299020000000, 
"00 : 08 : 35",23.72450820000000, 
"00 : 08 : 36",23.73849480000000, 
"00 : 08 : 37",23.74246400000000, 
"00 : 08 : 38",23.71540260000000, 
"00 : 08 : 39",23.71082300000000, 
"00 : 08 : 40",23.71179580000000, 
"00 : 08 : 41",23.70405570000000, 
"00 : 08 : 42",23.69557180000000, 
"00 : 08 : 43",23.67119400000000, 
"00 : 08 : 44",23.64991560000000, 
"00 : 08 : 45",23.63132280000000, 
"00 : 08 : 46",23.63853070000000, 
"00 : 08 : 47",23.62438580000000, 
"00 : 08 : 48",23.60997390000000, 
"00 : 08 : 49",23.61979480000000, 
"00 : 08 : 50",23.63092990000000, 
"00 : 08 : 51",23.62932010000000, 
"00 : 08 : 52",23.62706750000000, 
"00 : 08 : 53",23.63379280000000, 
"00 : 08 : 54",23.63450240000000, 
"00 : 08 : 55",23.64527510000000, 
"00 : 08 : 56",23.63059230000000, 
"00 : 08 : 57",23.64414970000000, 
"00 : 08 : 58",23.65761940000000, 
"00 : 08 : 59",23.64537420000000, 
"00 : 09 : 00",23.66625210000000, 
"00 : 09 : 01",23.65963360000000, 
"00 : 09 : 02",23.67765610000000, 
"00 : 09 : 03",23.67314520000000, 
"00 : 09 : 04",23.66374960000000, 
"00 : 09 : 05",23.66716380000000, 
"00 : 09 : 06",23.68091580000000, 
"00 : 09 : 07",23.67525290000000, 
"00 : 09 : 08",23.66758720000000, 
"00 : 09 : 09",23.65046110000000, 
"00 : 09 : 10",23.66796490000000, 
"00 : 09 : 11",23.66980740000000, 
"00 : 09 : 12",23.67459100000000, 
"00 : 09 : 14",23.68446540000000, 
"00 : 09 : 14",23.68605040000000, 
"00 : 09 : 15",23.67398450000000, 
"00 : 09 : 16",23.68511770000000, 
"00 : 09 : 17",23.67952340000000, 
"00 : 09 : 18",23.67287440000000, 
"00 : 09 : 19",23.66308970000000, 
"00 : 09 : 20",23.65276330000000, 
"00 : 09 : 21",23.63998600000000, 
"00 : 09 : 22",23.63418570000000, 
"00 : 09 : 23",23.63265030000000, 
"00 : 09 : 24",23.61995120000000, 
"00 : 09 : 25",23.62477110000000, 
"00 : 09 : 26",23.63116260000000, 
"00 : 09 : 27",23.62224190000000, 
"00 : 09 : 28",23.63390920000000, 
"00 : 09 : 29",23.61429210000000, 
"00 : 09 : 30",23.60717960000000, 
"00 : 09 : 31",23.61176870000000, 
"00 : 09 : 32",23.60661690000000, 
"00 : 09 : 33",23.60801690000000, 
"00 : 09 : 34",23.60182570000000, 
"00 : 09 : 35",23.61480140000000, 
"00 : 09 : 36",23.64049720000000, 
"00 : 09 : 37",23.66250800000000, 
"00 : 09 : 38",23.68717760000000, 
"00 : 09 : 39",23.70035170000000, 
"00 : 09 : 40",23.71018210000000, 
"00 : 09 : 41",23.72265050000000, 
"00 : 09 : 42",23.71554180000000, 
"00 : 09 : 43",23.72114750000000, 
"00 : 09 : 44",23.70031730000000, 
"00 : 09 : 45",23.71056930000000, 
"00 : 09 : 46",23.70532030000000, 
"00 : 09 : 47",23.71167180000000, 
"00 : 09 : 49",23.70698730000000, 
"00 : 09 : 49",23.71648780000000, 
"00 : 09 : 50",23.74184980000000, 
"00 : 09 : 52",23.76098440000000, 
"00 : 09 : 52",23.78647230000000, 
"00 : 09 : 53",23.81112090000000, 
"00 : 09 : 54",23.80736730000000, 
"00 : 09 : 55",23.81396480000000, 
"00 : 09 : 57",23.82277870000000, 
"00 : 09 : 57",23.81934920000000, 
"00 : 09 : 58",23.82777020000000, 
"00 : 09 : 59",23.82535740000000, 
"00 : 10 : 00",23.82540890000000, 
"00 : 10 : 02",23.83378210000000, 
"00 : 10 : 03",23.80543320000000, 
"00 : 10 : 04",23.77524370000000, 
"00 : 10 : 05",23.74868770000000, 
"00 : 10 : 06",23.74588390000000, 
"00 : 10 : 07",23.75354760000000, 
"00 : 10 : 08",23.74022860000000, 
"00 : 10 : 09",23.73224830000000, 
"00 : 10 : 10",23.73303790000000, 
"00 : 10 : 11",23.70043940000000, 
"00 : 10 : 12",23.68043320000000, 
"00 : 10 : 13",23.66052620000000, 
"00 : 10 : 14",23.65592950000000, 
"00 : 10 : 15",23.67649650000000, 
"00 : 10 : 16",23.68505280000000, 
"00 : 10 : 17",23.68644140000000, 
"00 : 10 : 18",23.68319320000000, 
"00 : 10 : 19",23.68309590000000, 
"00 : 10 : 20",23.69659420000000, 
"00 : 10 : 21",23.70698350000000, 
"00 : 10 : 22",23.73790350000000, 
"00 : 10 : 23",23.73673050000000, 
"00 : 10 : 24",23.71473120000000, 
"00 : 10 : 25",23.65877720000000, 
"00 : 10 : 26",23.63919630000000, 
"00 : 10 : 27",23.64244270000000, 
"00 : 10 : 28",23.65343660000000, 
"00 : 10 : 29",23.65613550000000, 
"00 : 10 : 30",23.65672870000000, 
"00 : 10 : 31",23.70147320000000, 
"00 : 10 : 32",23.71977040000000, 
"00 : 10 : 33",23.74773210000000, 
"00 : 10 : 34",23.76729770000000, 
"00 : 10 : 35",23.75631710000000, 
"00 : 10 : 36",23.76356880000000, 
"00 : 10 : 37",23.77785490000000, 
"00 : 10 : 38",23.78428840000000, 
"00 : 10 : 39",23.78649900000000, 
"00 : 10 : 40",23.78750800000000, 
"00 : 10 : 41",23.79104800000000, 
"00 : 10 : 42",23.78732100000000, 
"00 : 10 : 43",23.80573080000000, 
"00 : 10 : 44",23.78312490000000, 
"00 : 10 : 45",23.76630210000000, 
"00 : 10 : 46",23.77030750000000, 
"00 : 10 : 47",23.76661870000000, 
"00 : 10 : 48",23.77063940000000, 
"00 : 10 : 49",23.73476600000000, 
"00 : 10 : 50",23.71387290000000, 
"00 : 10 : 51",23.69226450000000, 
"00 : 10 : 52",23.70160100000000, 
"00 : 10 : 53",23.73036760000000, 
"00 : 10 : 54",23.75755500000000, 
"00 : 10 : 55",23.77180290000000, 
"00 : 10 : 56",23.76959600000000, 
"00 : 10 : 57",23.78664770000000, 
"00 : 10 : 58",23.76109120000000, 
"00 : 10 : 59",23.74260710000000, 
"00 : 11 : 00",23.74403950000000, 
"00 : 11 : 01",23.74943920000000, 
"00 : 11 : 02",23.76070780000000, 
"00 : 11 : 03",23.76377290000000, 
"00 : 11 : 04",23.78018180000000, 
"00 : 11 : 05",23.79470630000000, 
"00 : 11 : 06",23.75593180000000, 
"00 : 11 : 07",23.74059100000000, 
"00 : 11 : 08",23.73122780000000, 
"00 : 11 : 09",23.71269220000000, 
"00 : 11 : 10",23.70457640000000, 
"00 : 11 : 11",23.71063040000000, 
"00 : 11 : 12",23.72507850000000, 
"00 : 11 : 13",23.71367070000000, 
"00 : 11 : 14",23.68312640000000, 
"00 : 11 : 15",23.68758770000000, 
"00 : 11 : 16",23.69142530000000, 
"00 : 11 : 17",23.69504350000000, 
"00 : 11 : 18",23.68718910000000, 
"00 : 11 : 19",23.67492480000000, 
"00 : 11 : 20",23.66398040000000, 
"00 : 11 : 21",23.65405650000000, 
"00 : 11 : 22",23.66095920000000, 
"00 : 11 : 23",23.67407410000000, 
"00 : 11 : 24",23.68108360000000, 
"00 : 11 : 25",23.66927710000000, 
"00 : 11 : 26",23.64508620000000, 
"00 : 11 : 27",23.65061750000000, 
"00 : 11 : 28",23.66813080000000, 
"00 : 11 : 29",23.68504710000000, 
"00 : 11 : 30",23.69478220000000, 
"00 : 11 : 31",23.70018570000000, 
"00 : 11 : 32",23.68394080000000, 
"00 : 11 : 33",23.68964380000000, 
"00 : 11 : 34",23.68649860000000, 
"00 : 11 : 35",23.68698120000000, 
"00 : 11 : 36",23.68309590000000, 
"00 : 11 : 37",23.69131080000000, 
"00 : 11 : 38",23.69657320000000, 
"00 : 11 : 39",23.68650050000000, 
"00 : 11 : 40",23.72485160000000, 
"00 : 11 : 41",23.74967570000000, 
"00 : 11 : 42",23.72713470000000, 
"00 : 11 : 43",23.72846410000000, 
"00 : 11 : 44",23.72632210000000, 
"00 : 11 : 45",23.73213000000000, 
"00 : 11 : 46",23.72554960000000, 
"00 : 11 : 47",23.73513790000000, 
"00 : 11 : 48",23.73045730000000, 
"00 : 11 : 49",23.72591010000000, 
"00 : 11 : 50",23.72168350000000, 
"00 : 11 : 51",23.71949570000000, 
"00 : 11 : 52",23.72879020000000, 
"00 : 11 : 53",23.71576690000000, 
"00 : 11 : 54",23.69714350000000, 
"00 : 11 : 55",23.67887110000000, 
"00 : 11 : 56",23.68048470000000, 
"00 : 11 : 57",23.70595550000000, 
"00 : 11 : 58",23.72956840000000, 
"00 : 11 : 59",23.74017520000000, 
"00 : 12 : 00",23.75884050000000, 
"00 : 12 : 01",23.77738950000000, 
"00 : 12 : 02",23.80645940000000, 
"00 : 12 : 03",23.82240290000000, 
"00 : 12 : 04",23.82568930000000, 
"00 : 12 : 05",23.80651660000000, 
"00 : 12 : 06",23.81481740000000, 
"00 : 12 : 07",23.82988920000000, 
"00 : 12 : 08",23.86028480000000, 
"00 : 12 : 09",23.88026610000000, 
"00 : 12 : 10",23.86735910000000, 
"00 : 12 : 11",23.85242270000000, 
"00 : 12 : 12",23.84781070000000, 
"00 : 12 : 13",23.83808130000000, 
"00 : 12 : 14",23.85293760000000, 
"00 : 12 : 15",23.85080710000000, 
"00 : 12 : 16",23.87631030000000, 
"00 : 12 : 17",23.91852180000000, 
"00 : 12 : 18",23.93135640000000, 
"00 : 12 : 19",23.92698090000000, 
"00 : 12 : 20",23.92149920000000, 
"00 : 12 : 21",23.89635270000000, 
"00 : 12 : 22",23.88959120000000, 
"00 : 12 : 23",23.90360640000000, 
"00 : 12 : 24",23.88117790000000, 
"00 : 12 : 25",23.88959880000000, 
"00 : 12 : 26",23.91937060000000, 
"00 : 12 : 27",23.92081640000000, 
"00 : 12 : 28",23.88152120000000, 
"00 : 12 : 29",23.84990500000000, 
"00 : 12 : 30",23.82432740000000, 
"00 : 12 : 31",23.80623240000000, 
"00 : 12 : 32",23.79817580000000, 
"00 : 12 : 33",23.77334400000000, 
"00 : 12 : 34",23.75132560000000, 
"00 : 12 : 35",23.74244880000000, 
"00 : 12 : 36",23.73967550000000, 
"00 : 12 : 37",23.75919340000000, 
"00 : 12 : 38",23.82039260000000, 
"00 : 12 : 39",23.83278270000000, 
"00 : 12 : 40",23.86298750000000, 
"00 : 12 : 41",23.83772460000000, 
"00 : 12 : 42",23.81334490000000, 
"00 : 12 : 43",23.81225960000000, 
"00 : 12 : 44",23.80389970000000, 
"00 : 12 : 45",23.86026570000000, 
"00 : 12 : 46",23.85630410000000, 
"00 : 12 : 47",23.84590330000000, 
"00 : 12 : 48",23.84664910000000, 
"00 : 12 : 49",23.87438960000000, 
"00 : 12 : 50",23.89216800000000, 
"00 : 12 : 51",23.86670680000000, 
"00 : 12 : 52",23.85351560000000, 
"00 : 12 : 53",23.84825890000000, 
"00 : 12 : 54",23.84717360000000, 
"00 : 12 : 55",23.85196870000000, 
"00 : 12 : 56",23.84474180000000, 
"00 : 12 : 57",23.87195960000000, 
"00 : 12 : 58",23.88416480000000, 
"00 : 12 : 59",23.86896510000000, 
"00 : 13 : 00",23.85933870000000, 
"00 : 13 : 01",23.86222260000000, 
"00 : 13 : 02",23.87054060000000, 
"00 : 13 : 03",23.87928770000000, 
"00 : 13 : 04",23.87656210000000, 
"00 : 13 : 05",23.88127890000000, 
"00 : 13 : 06",23.87685580000000, 
"00 : 13 : 07",23.89389800000000, 
"00 : 13 : 08",23.90658760000000, 
"00 : 13 : 09",23.90858840000000, 
"00 : 13 : 10",23.89449690000000, 
"00 : 13 : 11",23.89299770000000, 
"00 : 13 : 12",23.88449850000000, 
"00 : 13 : 13",23.87887380000000, 
"00 : 13 : 14",23.89034840000000, 
"00 : 13 : 15",23.88869470000000, 
"00 : 13 : 16",23.88747970000000, 
"00 : 13 : 17",23.93173590000000, 
"00 : 13 : 18",23.93396940000000, 
"00 : 13 : 19",23.94550890000000, 
"00 : 13 : 20",23.90544120000000, 
"00 : 13 : 21",23.87998000000000, 
"00 : 13 : 22",23.88039770000000, 
"00 : 13 : 23",23.89639660000000, 
"00 : 13 : 24",23.88118360000000, 
"00 : 13 : 25",23.84655180000000, 
"00 : 13 : 26",23.82087130000000, 
"00 : 13 : 27",23.81466100000000, 
"00 : 13 : 28",23.79754630000000, 
"00 : 13 : 29",23.81467430000000, 
"00 : 13 : 30",23.82734680000000, 
"00 : 13 : 31",23.84005350000000, 
"00 : 13 : 32",23.84539790000000, 
"00 : 13 : 33",23.84994310000000, 
"00 : 13 : 34",23.86569780000000, 
"00 : 13 : 35",23.88539310000000, 
"00 : 13 : 36",23.88925170000000, 
"00 : 13 : 37",23.88877100000000, 
"00 : 13 : 38",23.89707180000000, 
"00 : 13 : 39",23.90974420000000, 
"00 : 13 : 40",23.91489600000000, 
"00 : 13 : 41",23.93416020000000, 
"00 : 13 : 42",23.95836060000000, 
"00 : 13 : 43",23.95548050000000, 
"00 : 13 : 44",23.97424120000000, 
"00 : 13 : 45",23.99072070000000, 
"00 : 13 : 46",24.04020300000000, 
"00 : 13 : 47",24.06044190000000, 
"00 : 13 : 48",24.09960170000000, 
"00 : 13 : 49",24.08226010000000, 
"00 : 13 : 50",24.05898470000000, 
"00 : 13 : 51",24.04594610000000, 
"00 : 13 : 52",24.03105920000000, 
"00 : 13 : 53",24.01467320000000, 
"00 : 13 : 54",24.00712200000000, 
"00 : 13 : 55",23.99924080000000, 
"00 : 13 : 56",23.98081580000000, 
"00 : 13 : 57",23.97602460000000, 
"00 : 13 : 58",23.98183250000000, 
"00 : 13 : 59",24.00713720000000, 
"00 : 14 : 00",24.01831240000000, 
"00 : 14 : 01",24.01911920000000, 
"00 : 14 : 02",24.00320810000000, 
"00 : 14 : 03",23.99798200000000, 
"00 : 14 : 04",24.02190390000000, 
"00 : 14 : 05",24.02793310000000, 
"00 : 14 : 06",24.01972000000000, 
"00 : 14 : 07",23.99116130000000, 
"00 : 14 : 08",23.98559180000000, 
"00 : 14 : 09",23.97848700000000, 
"00 : 14 : 10",23.98287960000000, 
"00 : 14 : 11",23.96858590000000, 
"00 : 14 : 12",23.96168510000000, 
"00 : 14 : 13",23.95523450000000, 
"00 : 14 : 14",23.96602050000000, 
"00 : 14 : 15",23.97638320000000, 
"00 : 14 : 16",23.97619810000000, 
"00 : 14 : 17",23.97496790000000, 
"00 : 14 : 18",23.96144100000000, 
"00 : 14 : 19",23.97881690000000, 
"00 : 14 : 20",23.98187440000000, 
"00 : 14 : 21",23.98134610000000, 
"00 : 14 : 22",23.99436180000000, 
"00 : 14 : 23",24.00536150000000, 
"00 : 14 : 24",24.01912300000000, 
"00 : 14 : 25",24.01652330000000, 
"00 : 14 : 26",24.00165930000000, 
"00 : 14 : 27",23.98955150000000, 
"00 : 14 : 28",23.94836610000000, 
"00 : 14 : 29",23.93500700000000, 
"00 : 14 : 30",23.92401880000000, 
"00 : 14 : 31",23.92201610000000, 
"00 : 14 : 32",23.92241660000000, 
"00 : 14 : 33",23.93691250000000, 
"00 : 14 : 34",23.99652290000000, 
"00 : 14 : 36",24.03708260000000, 
"00 : 14 : 36",24.02798460000000, 
"00 : 14 : 37",24.04008100000000, 
"00 : 14 : 38",24.01869200000000, 
"00 : 14 : 39",24.03673550000000, 
"00 : 14 : 40",24.07747650000000, 
"00 : 14 : 41",24.10896490000000, 
"00 : 14 : 42",24.08952140000000, 
"00 : 14 : 43",24.11666290000000, 
"00 : 14 : 44",24.09698480000000, 
"00 : 14 : 45",24.06809800000000, 
"00 : 14 : 46",24.04896540000000, 
"00 : 14 : 47",24.02922820000000, 
"00 : 14 : 49",24.03345100000000, 
"00 : 14 : 49",24.04430380000000, 
"00 : 14 : 50",24.05212020000000, 
"00 : 14 : 51",24.03456300000000, 
"00 : 14 : 52",24.03889270000000, 
"00 : 14 : 53",24.03628540000000, 
"00 : 14 : 54",24.03903380000000, 
"00 : 14 : 55",24.05316730000000, 
"00 : 14 : 56",24.04207610000000, 
"00 : 14 : 57",24.05067060000000, 
"00 : 14 : 58",24.04943650000000, 
"00 : 14 : 59",24.05282970000000, 
"00 : 15 : 00",24.04047010000000, 
"00 : 15 : 01",24.03989600000000, 
"00 : 15 : 02",24.03087800000000, 
"00 : 15 : 03",24.04383650000000, 
"00 : 15 : 04",24.05004310000000, 
"00 : 15 : 05",24.04181860000000, 
"00 : 15 : 06",24.04490280000000, 
"00 : 15 : 07",24.03875730000000, 
"00 : 15 : 08",24.02924720000000, 
"00 : 15 : 09",24.03352920000000, 
"00 : 15 : 10",24.00838080000000, 
"00 : 15 : 11",23.99586480000000, 
"00 : 15 : 12",23.97073170000000, 
"00 : 15 : 13",23.95207590000000, 
"00 : 15 : 14",23.94358060000000, 
"00 : 15 : 15",23.93692580000000, 
"00 : 15 : 16",23.93837920000000, 
"00 : 15 : 17",23.92650600000000, 
"00 : 15 : 18",23.92327490000000, 
"00 : 15 : 19",23.90945620000000, 
"00 : 15 : 20",23.91671180000000, 
"00 : 15 : 21",23.89771460000000, 
"00 : 15 : 22",23.89892000000000, 
"00 : 15 : 23",23.90876570000000, 
"00 : 15 : 24",23.90039630000000, 
"00 : 15 : 25",23.89974020000000, 
"00 : 15 : 26",23.88333700000000, 
"00 : 15 : 27",23.87589450000000, 
"00 : 15 : 28",23.90201560000000, 
"00 : 15 : 29",23.88638870000000, 
"00 : 15 : 30",23.90092460000000, 
"00 : 15 : 31",23.88858220000000, 
"00 : 15 : 32",23.86069480000000, 
"00 : 15 : 33",23.82983200000000, 
"00 : 15 : 34",23.82952300000000, 
"00 : 15 : 35",23.82298660000000, 
"00 : 15 : 36",23.83008950000000, 
"00 : 15 : 37",23.82357970000000, 
"00 : 15 : 39",23.79506870000000, 
"00 : 15 : 39",23.80110740000000, 
"00 : 15 : 40",23.81499290000000, 
"00 : 15 : 42",23.80865470000000, 
"00 : 15 : 42",23.82001300000000, 
"00 : 15 : 43",23.82219880000000, 
"00 : 15 : 45",23.83179280000000, 
"00 : 15 : 45",23.81498140000000, 
"00 : 15 : 46",23.80006980000000, 
"00 : 15 : 47",23.78060910000000, 
"00 : 15 : 48",23.78657910000000, 
"00 : 15 : 49",23.78360930000000, 
"00 : 15 : 50",23.78129950000000, 
"00 : 15 : 52",23.76776880000000, 
"00 : 15 : 52",23.76398080000000, 
"00 : 15 : 53",23.77050200000000, 
"00 : 15 : 55",23.77071570000000, 
"00 : 15 : 55",23.77682300000000, 
"00 : 15 : 56",23.77325630000000, 
"00 : 15 : 58",23.79108420000000, 
"00 : 15 : 58",23.79765700000000, 
"00 : 15 : 59",23.79168510000000, 
"00 : 16 : 00",23.78131100000000, 
"00 : 16 : 02",23.77393910000000, 
"00 : 16 : 03",23.78307150000000, 
"00 : 16 : 04",23.80339430000000, 
"00 : 16 : 05",23.82176580000000, 
"00 : 16 : 06",23.81474110000000, 
"00 : 16 : 07",23.82307430000000, 
"00 : 16 : 08",23.82272140000000, 
"00 : 16 : 09",23.81702610000000, 
"00 : 16 : 10",23.82373230000000, 
"00 : 16 : 11",23.82981870000000, 
"00 : 16 : 12",23.85138890000000, 
"00 : 16 : 13",23.81566230000000, 
"00 : 16 : 14",23.81680480000000, 
"00 : 16 : 15",23.81051060000000, 
"00 : 16 : 16",23.81709670000000, 
"00 : 16 : 17",23.80956070000000, 
"00 : 16 : 18",23.79080960000000, 
"00 : 16 : 19",23.78112220000000, 
"00 : 16 : 20",23.78090090000000, 
"00 : 16 : 21",23.78403660000000, 
"00 : 16 : 22",23.78010550000000, 
"00 : 16 : 23",23.76874350000000, 
"00 : 16 : 24",23.77872080000000, 
"00 : 16 : 25",23.76937100000000, 
"00 : 16 : 26",23.75456800000000, 
"00 : 16 : 27",23.75584410000000, 
"00 : 16 : 28",23.74135200000000, 
"00 : 16 : 29",23.74778360000000, 
"00 : 16 : 30",23.76011650000000, 
"00 : 16 : 31",23.77038190000000, 
"00 : 16 : 32",23.78034210000000, 
"00 : 16 : 33",23.79882240000000, 
"00 : 16 : 34",23.80909910000000, 
"00 : 16 : 35",23.80133810000000, 
"00 : 16 : 36",23.79799650000000, 
"00 : 16 : 37",23.80171580000000, 
"00 : 16 : 38",23.79495420000000, 
"00 : 16 : 39",23.75689120000000, 
"00 : 16 : 40",23.75675010000000, 
"00 : 16 : 41",23.75850100000000, 
"00 : 16 : 42",23.73438640000000, 
"00 : 16 : 43",23.73500820000000, 
"00 : 16 : 44",23.74379150000000, 
"00 : 16 : 45",23.76972380000000, 
"00 : 16 : 46",23.79270360000000, 
"00 : 16 : 47",23.80170820000000, 
"00 : 16 : 48",23.80776780000000, 
"00 : 16 : 49",23.80735010000000, 
"00 : 16 : 50",23.80439750000000, 
"00 : 16 : 51",23.80552670000000, 
"00 : 16 : 52",23.77690310000000, 
"00 : 16 : 53",23.76449010000000, 
"00 : 16 : 54",23.76874540000000, 
"00 : 16 : 55",23.77634620000000, 
"00 : 16 : 56",23.77640910000000, 
"00 : 16 : 57",23.77135840000000, 
"00 : 16 : 58",23.76745600000000, 
"00 : 16 : 59",23.76439850000000, 
"00 : 17 : 00",23.74421310000000, 
"00 : 17 : 01",23.73854440000000, 
"00 : 17 : 02",23.74829290000000, 
"00 : 17 : 03",23.73830410000000, 
"00 : 17 : 04",23.74292940000000, 
"00 : 17 : 05",23.73971550000000, 
"00 : 17 : 06",23.73846430000000, 
"00 : 17 : 07",23.74511330000000, 
"00 : 17 : 08",23.75708190000000, 
"00 : 17 : 09",23.76567070000000, 
"00 : 17 : 10",23.77772900000000, 
"00 : 17 : 11",23.83863830000000, 
"00 : 17 : 12",23.89781370000000, 
"00 : 17 : 13",23.89275740000000, 
"00 : 17 : 14",23.91075510000000, 
"00 : 17 : 15",23.91543190000000, 
"00 : 17 : 16",23.90869900000000, 
"00 : 17 : 17",23.89143750000000, 
"00 : 17 : 18",23.87855720000000, 
"00 : 17 : 19",23.86498640000000, 
"00 : 17 : 20",23.86889640000000, 
"00 : 17 : 21",23.86730000000000, 
"00 : 17 : 22",23.87947650000000, 
"00 : 17 : 23",23.92014120000000, 
"00 : 17 : 24",23.92518800000000, 
"00 : 17 : 25",23.91658970000000, 
"00 : 17 : 26",23.89765350000000, 
"00 : 17 : 27",23.89522550000000, 
"00 : 17 : 28",23.88948820000000, 
"00 : 17 : 29",23.88552470000000, 
"00 : 17 : 30",23.87814330000000, 
"00 : 17 : 31",23.87066070000000, 
"00 : 17 : 32",23.92086410000000, 
"00 : 17 : 33",23.93036650000000, 
"00 : 17 : 34",23.91701500000000, 
"00 : 17 : 35",23.88870040000000, 
"00 : 17 : 36",23.87966910000000, 
"00 : 17 : 37",23.92107000000000, 
"00 : 17 : 38",23.93641660000000, 
"00 : 17 : 39",23.92258070000000, 
"00 : 17 : 40",23.92114060000000, 
"00 : 17 : 41",23.91081230000000, 
"00 : 17 : 42",23.92339510000000, 
"00 : 17 : 43",23.96339410000000, 
"00 : 17 : 44",23.97162810000000, 
"00 : 17 : 45",23.98606100000000, 
"00 : 17 : 46",23.99701300000000, 
"00 : 17 : 47",23.99064630000000, 
"00 : 17 : 48",24.00036810000000, 
"00 : 17 : 49",24.01400370000000, 
"00 : 17 : 50",24.01256560000000, 
"00 : 17 : 51",24.03803820000000, 
"00 : 17 : 52",24.04858010000000, 
"00 : 17 : 53",24.04850760000000, 
"00 : 17 : 54",24.06467810000000, 
"00 : 17 : 55",24.08633230000000, 
"00 : 17 : 56",24.09060090000000, 
"00 : 17 : 57",24.09519190000000, 
"00 : 17 : 58",24.07162470000000, 
"00 : 17 : 59",24.07780450000000, 
"00 : 18 : 00",24.06830400000000, 
"00 : 18 : 01",24.07987210000000, 
"00 : 18 : 02",24.09602730000000, 
"00 : 18 : 03",24.13482850000000, 
"00 : 18 : 04",24.13347050000000, 
"00 : 18 : 05",24.14049140000000, 
"00 : 18 : 06",24.15709680000000, 
"00 : 18 : 07",24.14894860000000, 
"00 : 18 : 08",24.14380450000000, 
"00 : 18 : 09",24.13597100000000, 
"00 : 18 : 10",24.11308860000000, 
"00 : 18 : 11",24.13098900000000, 
"00 : 18 : 12",24.12315360000000, 
"00 : 18 : 13",24.12124250000000, 
"00 : 18 : 14",24.12442580000000, 
"00 : 18 : 15",24.14215660000000, 
"00 : 18 : 16",24.12823290000000, 
"00 : 18 : 17",24.10740280000000, 
"00 : 18 : 18",24.12957000000000, 
"00 : 18 : 19",24.14967720000000, 
"00 : 18 : 20",24.13902850000000, 
"00 : 18 : 21",24.11114880000000, 
"00 : 18 : 22",24.11701580000000, 
"00 : 18 : 23",24.13945000000000, 
"00 : 18 : 24",24.11049840000000, 
"00 : 18 : 25",24.10154720000000, 
"00 : 18 : 26",24.07250780000000, 
"00 : 18 : 27",24.05019180000000, 
"00 : 18 : 28",24.02331920000000, 
"00 : 18 : 29",24.03584670000000, 
"00 : 18 : 30",24.07594290000000, 
"00 : 18 : 31",24.09045020000000, 
"00 : 18 : 32",24.09610170000000, 
"00 : 18 : 33",24.08349800000000, 
"00 : 18 : 34",24.07271570000000, 
"00 : 18 : 35",24.06471820000000, 
"00 : 18 : 36",24.03363220000000, 
"00 : 18 : 37",24.02225110000000, 
"00 : 18 : 38",24.03002350000000, 
"00 : 18 : 39",24.05153840000000, 
"00 : 18 : 40",24.05843920000000, 
"00 : 18 : 41",24.05303190000000, 
"00 : 18 : 42",24.05808440000000, 
"00 : 18 : 43",24.10293190000000, 
"00 : 18 : 44",24.12521170000000, 
"00 : 18 : 45",24.18535990000000, 
"00 : 18 : 46",24.17073440000000, 
"00 : 18 : 47",24.16880980000000, 
"00 : 18 : 48",24.15500060000000, 
"00 : 18 : 49",24.17215530000000, 
"00 : 18 : 50",24.17258830000000, 
"00 : 18 : 51",24.16525070000000, 
"00 : 18 : 52",24.17338940000000, 
"00 : 18 : 53",24.18276400000000, 
"00 : 18 : 54",24.17440220000000, 
"00 : 18 : 55",24.16404530000000, 
"00 : 18 : 56",24.14669220000000, 
"00 : 18 : 57",24.14521020000000, 
"00 : 18 : 58",24.13564100000000, 
"00 : 18 : 59",24.13595960000000, 
"00 : 19 : 00",24.13697240000000, 
"00 : 19 : 01",24.10539430000000, 
"00 : 19 : 02",24.06489940000000, 
"00 : 19 : 03",24.02731320000000, 
"00 : 19 : 04",24.05470840000000, 
"00 : 19 : 05",24.01771920000000, 
"00 : 19 : 06",24.03275290000000, 
"00 : 19 : 07",24.03570740000000, 
"00 : 19 : 08",24.01614180000000, 
"00 : 19 : 09",24.01828760000000, 
"00 : 19 : 10",24.02110860000000, 
"00 : 19 : 11",24.01002310000000, 
"00 : 19 : 12",24.02584450000000, 
"00 : 19 : 13",24.04652590000000, 
"00 : 19 : 14",24.08958240000000, 
"00 : 19 : 15",24.09704200000000, 
"00 : 19 : 16",24.09290690000000, 
"00 : 19 : 17",24.03420250000000, 
"00 : 19 : 18",23.99546620000000, 
"00 : 19 : 19",23.96133800000000, 
"00 : 19 : 20",23.94882200000000, 
"00 : 19 : 21",23.94043540000000, 
"00 : 19 : 22",23.94530860000000, 
"00 : 19 : 23",23.94370260000000, 
"00 : 19 : 24",23.94229500000000, 
"00 : 19 : 25",23.93850890000000, 
"00 : 19 : 26",23.98373790000000, 
"00 : 19 : 27",23.97969810000000, 
"00 : 19 : 28",23.96132080000000, 
"00 : 19 : 29",23.94346420000000, 
"00 : 19 : 30",23.94896880000000, 
"00 : 19 : 31",23.95627780000000, 
"00 : 19 : 32",23.95542140000000, 
"00 : 19 : 33",23.91337580000000, 
"00 : 19 : 34",23.88874050000000, 
"00 : 19 : 35",23.89004700000000, 
"00 : 19 : 36",23.89627450000000, 
"00 : 19 : 37",23.89410780000000, 
"00 : 19 : 38",23.88603210000000, 
"00 : 19 : 39",23.86015700000000, 
"00 : 19 : 40",23.85196870000000, 
"00 : 19 : 41",23.83320040000000, 
"00 : 19 : 42",23.84654040000000, 
"00 : 19 : 43",23.84514990000000, 
"00 : 19 : 44",23.87786670000000, 
"00 : 19 : 45",23.88722990000000, 
"00 : 19 : 46",23.86972800000000, 
"00 : 19 : 47",23.86625860000000, 
"00 : 19 : 48",23.87179180000000, 
"00 : 19 : 49",23.87651060000000, 
"00 : 19 : 50",23.88952250000000, 
"00 : 19 : 51",23.87163160000000, 
"00 : 19 : 52",23.86216350000000, 
"00 : 19 : 53",23.85940170000000, 
"00 : 19 : 54",23.86998360000000, 
"00 : 19 : 55",23.84324070000000, 
"00 : 19 : 56",23.84634590000000, 
"00 : 19 : 57",23.86008830000000, 
"00 : 19 : 58",23.86358830000000, 
"00 : 19 : 59",23.86683840000000, 
"00 : 20 : 00",23.88075250000000, 
"00 : 20 : 01",23.88417430000000, 
"00 : 20 : 02",23.84715080000000, 
"00 : 20 : 03",23.84625810000000, 
"00 : 20 : 04",23.82863420000000, 
"00 : 20 : 05",23.83308410000000, 
"00 : 20 : 06",23.83292570000000, 
"00 : 20 : 07",23.81738280000000, 
"00 : 20 : 08",23.81089010000000, 
"00 : 20 : 09",23.82650940000000, 
"00 : 20 : 10",23.84039300000000, 
"00 : 20 : 11",23.82418440000000, 
"00 : 20 : 12",23.81464190000000, 
"00 : 20 : 13",23.78778260000000, 
"00 : 20 : 14",23.76496120000000, 
"00 : 20 : 15",23.76745600000000, 
"00 : 20 : 16",23.77739140000000, 
"00 : 20 : 17",23.78540610000000, 
"00 : 20 : 18",23.76029770000000, 
"00 : 20 : 19",23.75454520000000, 
"00 : 20 : 20",23.73017310000000, 
"00 : 20 : 21",23.73992150000000, 
"00 : 20 : 22",23.75968170000000, 
"00 : 20 : 23",23.78993980000000, 
"00 : 20 : 24",23.79570380000000, 
"00 : 20 : 25",23.76745410000000, 
"00 : 20 : 26",23.75733180000000, 
"00 : 20 : 27",23.76616280000000, 
"00 : 20 : 28",23.74441140000000, 
"00 : 20 : 29",23.72536080000000, 
"00 : 20 : 30",23.74317740000000, 
"00 : 20 : 31",23.75304410000000, 
"00 : 20 : 32",23.74386020000000, 
"00 : 20 : 33",23.76945110000000, 
"00 : 20 : 34",23.78621100000000, 
"00 : 20 : 35",23.77921100000000, 
"00 : 20 : 36",23.78278540000000, 
"00 : 20 : 37",23.78400230000000, 
"00 : 20 : 38",23.77648160000000, 
"00 : 20 : 39",23.77704620000000, 
"00 : 20 : 40",23.79030030000000, 
"00 : 20 : 41",23.80394930000000, 
"00 : 20 : 42",23.81552120000000, 
"00 : 20 : 43",23.80332370000000, 
"00 : 20 : 44",23.80170440000000, 
"00 : 20 : 45",23.78723900000000, 
"00 : 20 : 46",23.79065320000000, 
"00 : 20 : 47",23.79884710000000, 
"00 : 20 : 48",23.80108260000000, 
"00 : 20 : 49",23.78616520000000, 
"00 : 20 : 50",23.76659010000000, 
"00 : 20 : 51",23.75838660000000, 
"00 : 20 : 52",23.77027130000000, 
"00 : 20 : 53",23.78232380000000, 
"00 : 20 : 54",23.79680440000000, 
"00 : 20 : 55",23.80281630000000, 
"00 : 20 : 56",23.79023170000000, 
"00 : 20 : 57",23.78635020000000, 
"00 : 20 : 58",23.78405760000000, 
"00 : 20 : 59",23.77660560000000, 
"00 : 21 : 00",23.78067970000000, 
"00 : 21 : 01",23.77609440000000, 
"00 : 21 : 02",23.75855440000000, 
"00 : 21 : 03",23.74220270000000, 
"00 : 21 : 04",23.73745910000000, 
"00 : 21 : 05",23.73511120000000, 
"00 : 21 : 06",23.74539560000000, 
"00 : 21 : 07",23.73896590000000, 
"00 : 21 : 08",23.76525680000000, 
"00 : 21 : 09",23.77691450000000, 
"00 : 21 : 10",23.76513480000000, 
"00 : 21 : 11",23.77235030000000, 
"00 : 21 : 12",23.77809900000000, 
"00 : 21 : 13",23.77312270000000, 
"00 : 21 : 14",23.78023330000000, 
"00 : 21 : 16",23.77981940000000, 
"00 : 21 : 16",23.76131430000000, 
"00 : 21 : 17",23.74844360000000, 
"00 : 21 : 18",23.74796290000000, 
"00 : 21 : 19",23.73355290000000, 
"00 : 21 : 20",23.72021100000000, 
"00 : 21 : 21",23.73759260000000, 
"00 : 21 : 22",23.74444770000000, 
"00 : 21 : 23",23.72611610000000, 
"00 : 21 : 24",23.72811120000000, 
"00 : 21 : 25",23.71938890000000, 
"00 : 21 : 26",23.73207090000000, 
"00 : 21 : 27",23.74729720000000, 
"00 : 21 : 29",23.75196450000000, 
"00 : 21 : 29",23.76145930000000, 
"00 : 21 : 30",23.76532170000000, 
"00 : 21 : 31",23.74863620000000, 
"00 : 21 : 32",23.74289890000000, 
"00 : 21 : 34",23.74790760000000, 
"00 : 21 : 34",23.73949240000000, 
"00 : 21 : 35",23.73599810000000, 
"00 : 21 : 36",23.73643110000000, 
"00 : 21 : 37",23.74554250000000, 
"00 : 21 : 38",23.73568910000000, 
"00 : 21 : 39",23.72756760000000, 
"00 : 21 : 40",23.72703360000000, 
"00 : 21 : 42",23.72553060000000, 
"00 : 21 : 42",23.72960280000000, 
"00 : 21 : 43",23.72173690000000, 
"00 : 21 : 44",23.71782680000000, 
"00 : 21 : 46",23.72002020000000, 
"00 : 21 : 47",23.72688670000000, 
"00 : 21 : 48",23.74120710000000, 
"00 : 21 : 49",23.72735210000000, 
"00 : 21 : 50",23.73310850000000, 
"00 : 21 : 51",23.74019810000000, 
"00 : 21 : 52",23.74270240000000, 
"00 : 21 : 53",23.74063300000000, 
"00 : 21 : 54",23.74925420000000, 
"00 : 21 : 55",23.74669070000000, 
"00 : 21 : 56",23.75376120000000, 
"00 : 21 : 57",23.74309730000000, 
"00 : 21 : 58",23.73296350000000, 
"00 : 21 : 59",23.74943730000000, 
"00 : 22 : 00",23.74431220000000, 
"00 : 22 : 01",23.74876780000000, 
"00 : 22 : 02",23.76816550000000, 
"00 : 22 : 03",23.75617400000000, 
"00 : 22 : 04",23.72651860000000, 
"00 : 22 : 05",23.72043990000000, 
"00 : 22 : 06",23.79635420000000, 
"00 : 22 : 07",23.77442550000000, 
"00 : 22 : 08",23.76639930000000, 
"00 : 22 : 09",23.79224580000000, 
"00 : 22 : 10",23.78871720000000, 
"00 : 22 : 11",23.76941290000000, 
"00 : 22 : 12",23.77641670000000, 
"00 : 22 : 13",23.77442930000000, 
"00 : 22 : 14",23.77606200000000, 
"00 : 22 : 15",23.76858320000000, 
"00 : 22 : 16",23.77459520000000, 
"00 : 22 : 17",23.76937670000000, 
"00 : 22 : 18",23.76591870000000, 
"00 : 22 : 19",23.78258510000000, 
"00 : 22 : 20",23.78777310000000, 
"00 : 22 : 21",23.77537340000000, 
"00 : 22 : 22",23.75059310000000, 
"00 : 22 : 23",23.73283570000000, 
"00 : 22 : 24",23.70792380000000, 
"00 : 22 : 25",23.71605680000000, 
"00 : 22 : 26",23.73478310000000, 
"00 : 22 : 27",23.75842090000000, 
"00 : 22 : 28",23.75768850000000, 
"00 : 22 : 29",23.77725410000000, 
"00 : 22 : 30",23.77878370000000, 
"00 : 22 : 31",23.76713750000000, 
"00 : 22 : 32",23.75426860000000, 
"00 : 22 : 33",23.76395030000000, 
"00 : 22 : 34",23.75453560000000, 
"00 : 22 : 35",23.74763290000000, 
"00 : 22 : 36",23.75202560000000, 
"00 : 22 : 37",23.74084470000000, 
"00 : 22 : 38",23.73481550000000, 
"00 : 22 : 39",23.73306270000000, 
"00 : 22 : 40",23.73771280000000, 
"00 : 22 : 41",23.72478480000000, 
"00 : 22 : 42",23.72059240000000, 
"00 : 22 : 43",23.72317880000000, 
"00 : 22 : 44",23.73293300000000, 
"00 : 22 : 45",23.73539160000000, 
"00 : 22 : 46",23.72668830000000, 
"00 : 22 : 47",23.74807350000000, 
"00 : 22 : 48",23.75145910000000, 
"00 : 22 : 49",23.75284190000000, 
"00 : 22 : 50",23.75131790000000, 
"00 : 22 : 51",23.74499320000000, 
"00 : 22 : 52",23.75031470000000, 
"00 : 22 : 53",23.74470520000000, 
"00 : 22 : 54",23.74814600000000, 
"00 : 22 : 55",23.77001190000000, 
"00 : 22 : 56",23.76795760000000, 
"00 : 22 : 57",23.75578300000000, 
"00 : 22 : 58",23.76509280000000, 
"00 : 22 : 59",23.78740500000000, 
"00 : 23 : 00",23.79838940000000, 
"00 : 23 : 01",23.79403680000000, 
"00 : 23 : 02",23.79576680000000, 
"00 : 23 : 03",23.80643080000000, 
"00 : 23 : 04",23.79747770000000, 
"00 : 23 : 05",23.81308170000000, 
"00 : 23 : 06",23.82632440000000, 
"00 : 23 : 07",23.81459800000000, 
"00 : 23 : 08",23.81036940000000, 
"00 : 23 : 09",23.82902900000000, 
"00 : 23 : 10",23.84642980000000, 
"00 : 23 : 11",23.85230820000000, 
"00 : 23 : 12",23.86490820000000, 
"00 : 23 : 13",23.86081690000000, 
"00 : 23 : 14",23.85052100000000, 
"00 : 23 : 15",23.85176650000000, 
"00 : 23 : 16",23.87522500000000, 
"00 : 23 : 17",23.88297460000000, 
"00 : 23 : 18",23.89167970000000, 
"00 : 23 : 19",23.90247150000000, 
"00 : 23 : 20",23.90241620000000, 
"00 : 23 : 21",23.90977280000000, 
"00 : 23 : 22",23.91353410000000, 
"00 : 23 : 23",23.91678420000000, 
"00 : 23 : 24",23.91639510000000, 
"00 : 23 : 25",23.91674610000000, 
"00 : 23 : 26",23.90753740000000, 
"00 : 23 : 27",23.90052030000000, 
"00 : 23 : 28",23.89994040000000, 
"00 : 23 : 29",23.90711590000000, 
"00 : 23 : 30",23.90399740000000, 
"00 : 23 : 31",23.91228480000000, 
"00 : 23 : 32",23.92609780000000, 
"00 : 23 : 33",23.92340660000000, 
"00 : 23 : 34",23.93314550000000, 
"00 : 23 : 35",23.91861340000000, 
"00 : 23 : 36",23.92092130000000, 
"00 : 23 : 37",23.91701120000000, 
"00 : 23 : 38",23.92695040000000, 
"00 : 23 : 39",23.92289920000000, 
"00 : 23 : 40",23.91991040000000, 
"00 : 23 : 41",23.91993710000000, 
"00 : 23 : 42",23.92735090000000, 
"00 : 23 : 43",23.93270870000000, 
"00 : 23 : 44",23.93695060000000, 
"00 : 23 : 45",23.93739120000000, 
"00 : 23 : 46",23.96879950000000, 
"00 : 23 : 47",23.96883960000000, 
"00 : 23 : 48",23.96552460000000, 
"00 : 23 : 49",23.96016500000000, 
"00 : 23 : 50",23.94580070000000, 
"00 : 23 : 51",23.93501850000000, 
"00 : 23 : 52",23.91950410000000, 
"00 : 23 : 53",23.92362400000000, 
"00 : 23 : 54",23.92864220000000, 
"00 : 23 : 55",23.91180030000000, 
"00 : 23 : 56",23.91471090000000, 
"00 : 23 : 57",23.92186540000000, 
"00 : 23 : 58",23.92835610000000, 
"00 : 23 : 59",23.92781820000000, 
"00 : 24 : 00",23.92801850000000, 
"00 : 24 : 01",23.93936150000000, 
"00 : 24 : 02",23.96441650000000, 
"00 : 24 : 03",23.99815750000000, 
"00 : 24 : 04",24.00927160000000, 
"00 : 24 : 05",24.01831430000000, 
"00 : 24 : 06",24.02057450000000, 
"00 : 24 : 07",24.02301780000000, 
"00 : 24 : 08",24.04408260000000, 
"00 : 24 : 09",24.07475280000000, 
"00 : 24 : 10",24.07624620000000, 
"00 : 24 : 11",24.04705040000000, 
"00 : 24 : 12",24.02044860000000, 
"00 : 24 : 13",24.01224510000000, 
"00 : 24 : 14",23.99905010000000, 
"00 : 24 : 15",23.97952840000000, 
"00 : 24 : 16",23.95624920000000, 
"00 : 24 : 17",23.94256970000000, 
"00 : 24 : 18",23.94012640000000, 
"00 : 24 : 19",23.94734760000000, 
"00 : 24 : 20",23.94000620000000, 
"00 : 24 : 21",23.92320440000000, 
"00 : 24 : 22",23.91963380000000, 
"00 : 24 : 23",23.92124360000000, 
"00 : 24 : 24",23.92359920000000, 
"00 : 24 : 25",23.92002860000000, 
"00 : 24 : 26",23.92353430000000, 
"00 : 24 : 27",23.91823950000000, 
"00 : 24 : 28",23.90843390000000, 
"00 : 24 : 29",23.89316940000000, 
"00 : 24 : 30",23.90097420000000, 
"00 : 24 : 31",23.89021300000000, 
"00 : 24 : 32",23.87771600000000, 
"00 : 24 : 33",23.86027330000000, 
"00 : 24 : 34",23.87583540000000, 
"00 : 24 : 35",23.89681620000000, 
"00 : 24 : 36",23.92911520000000, 
"00 : 24 : 37",23.94523620000000, 
"00 : 24 : 38",23.89226720000000, 
"00 : 24 : 39",23.85965720000000, 
"00 : 24 : 40",23.84673500000000, 
"00 : 24 : 41",23.84819980000000, 
"00 : 24 : 42",23.84281340000000, 
"00 : 24 : 43",23.86585610000000, 
"00 : 24 : 44",23.89347830000000, 
"00 : 24 : 45",23.90868940000000, 
"00 : 24 : 46",23.90191070000000, 
"00 : 24 : 47",23.92027470000000, 
"00 : 24 : 48",23.94656560000000, 
"00 : 24 : 49",23.96503630000000, 
"00 : 24 : 50",23.98870650000000, 
"00 : 24 : 51",23.97744170000000, 
"00 : 24 : 52",23.95624350000000, 
"00 : 24 : 53",23.94828220000000, 
"00 : 24 : 54",23.92713350000000, 
"00 : 24 : 55",23.90342140000000, 
"00 : 24 : 56",23.89512060000000, 
"00 : 24 : 57",23.88935270000000, 
"00 : 24 : 58",23.88049310000000, 
"00 : 24 : 59",23.85843080000000, 
"00 : 25 : 00",23.84837530000000, 
"00 : 25 : 01",23.84360880000000, 
"00 : 25 : 02",23.84361450000000, 
"00 : 25 : 03",23.83882330000000, 
"00 : 25 : 04",23.84403410000000, 
"00 : 25 : 05",23.84553520000000, 
"00 : 25 : 06",23.84135050000000, 
"00 : 25 : 07",23.85589210000000, 
"00 : 25 : 08",23.86697950000000, 
"00 : 25 : 09",23.88043400000000, 
"00 : 25 : 10",23.89609710000000, 
"00 : 25 : 11",23.90695570000000, 
"00 : 25 : 12",23.92457000000000, 
"00 : 25 : 13",23.92286300000000, 
"00 : 25 : 14",23.91326520000000, 
"00 : 25 : 15",23.92274850000000, 
"00 : 25 : 16",23.92605400000000, 
"00 : 25 : 17",23.92230980000000, 
"00 : 25 : 18",23.92484470000000, 
"00 : 25 : 19",23.93337050000000, 
"00 : 25 : 20",23.93033210000000, 
"00 : 25 : 21",23.93042370000000, 
"00 : 25 : 22",23.91892620000000, 
"00 : 25 : 23",23.92287820000000, 
"00 : 25 : 24",23.91256140000000, 
"00 : 25 : 25",23.91916080000000, 
"00 : 25 : 26",23.91470330000000, 
"00 : 25 : 27",23.92278280000000, 
"00 : 25 : 28",23.92713540000000, 
"00 : 25 : 29",23.91842260000000, 
"00 : 25 : 30",23.94428820000000, 
"00 : 25 : 31",23.93445010000000, 
"00 : 25 : 32",23.89813990000000, 
"00 : 25 : 33",23.88180920000000, 
"00 : 25 : 34",23.87999720000000, 
"00 : 25 : 35",23.92311660000000, 
"00 : 25 : 36",23.94862550000000, 
"00 : 25 : 37",23.95199960000000, 
"00 : 25 : 38",23.94604490000000, 
"00 : 25 : 39",23.92859070000000, 
"00 : 25 : 40",23.90969650000000, 
"00 : 25 : 41",23.93357270000000, 
"00 : 25 : 42",23.94438550000000, 
"00 : 25 : 43",23.93063730000000, 
"00 : 25 : 44",23.89361000000000, 
"00 : 25 : 45",23.87600510000000, 
"00 : 25 : 46",23.86628530000000, 
"00 : 25 : 47",23.86804580000000, 
"00 : 25 : 48",23.87062070000000, 
"00 : 25 : 49",23.87627790000000, 
"00 : 25 : 50",23.90676490000000, 
"00 : 25 : 51",23.86413570000000, 
"00 : 25 : 52",23.86606400000000, 
"00 : 25 : 53",23.84118270000000, 
"00 : 25 : 54",23.83690260000000, 
"00 : 25 : 55",23.83299440000000, 
"00 : 25 : 56",23.83365820000000, 
"00 : 25 : 57",23.84274290000000, 
"00 : 25 : 58",23.84219740000000, 
"00 : 25 : 59",23.85721200000000, 
"00 : 26 : 00",23.86495970000000, 
"00 : 26 : 01",23.85563850000000, 
"00 : 26 : 02",23.83767500000000, 
"00 : 26 : 03",23.86055560000000, 
"00 : 26 : 04",23.85951990000000, 
"00 : 26 : 05",23.84518430000000, 
"00 : 26 : 06",23.85936160000000, 
"00 : 26 : 07",23.88165850000000, 
"00 : 26 : 08",23.90303610000000, 
"00 : 26 : 09",23.91944500000000, 
"00 : 26 : 10",23.88656040000000, 
"00 : 26 : 11",23.86636920000000, 
"00 : 26 : 12",23.84435460000000, 
"00 : 26 : 14",23.82850450000000, 
"00 : 26 : 14",23.83773040000000, 
"00 : 26 : 15",23.83677290000000, 
"00 : 26 : 16",23.84542840000000, 
"00 : 26 : 17",23.84223740000000, 
"00 : 26 : 18",23.84088700000000, 
"00 : 26 : 19",23.85220330000000, 
"00 : 26 : 20",23.84104340000000, 
"00 : 26 : 21",23.82670590000000, 
"00 : 26 : 22",23.83132360000000, 
"00 : 26 : 23",23.82641980000000, 
"00 : 26 : 24",23.81211660000000, 
"00 : 26 : 25",23.79992100000000, 
"00 : 26 : 27",23.79472920000000, 
"00 : 26 : 27",23.78394310000000, 
"00 : 26 : 28",23.79670520000000, 
"00 : 26 : 30",23.79265020000000, 
"00 : 26 : 30",23.81290620000000, 
"00 : 26 : 31",23.81285090000000, 
"00 : 26 : 33",23.82324600000000, 
"00 : 26 : 33",23.83950990000000, 
"00 : 26 : 34",23.84207530000000, 
"00 : 26 : 35",23.84630960000000, 
"00 : 26 : 36",23.84154890000000, 
"00 : 26 : 37",23.84150880000000, 
"00 : 26 : 38",23.84280960000000, 
"00 : 26 : 39",23.86611170000000, 
"00 : 26 : 40",23.86813160000000, 
"00 : 26 : 41",23.88321110000000, 
"00 : 26 : 42",23.89729110000000, 
"00 : 26 : 43",23.90967940000000, 
"00 : 26 : 45",23.90965080000000, 
"00 : 26 : 45",23.89865490000000, 
"00 : 26 : 46",23.90234940000000, 
"00 : 26 : 48",23.89951700000000, 
"00 : 26 : 48",23.90682790000000, 
"00 : 26 : 49",23.90568350000000, 
"00 : 26 : 51",23.88455960000000, 
"00 : 26 : 52",23.88092230000000, 
"00 : 26 : 52",23.88648790000000, 
"00 : 26 : 53",23.89062500000000, 
"00 : 26 : 54",23.90710830000000, 
"00 : 26 : 55",23.92297550000000, 
"00 : 26 : 56",23.90400500000000, 
"00 : 26 : 58",23.90217780000000, 
"00 : 26 : 58",23.91744040000000, 
"00 : 27 : 00",23.93824000000000, 
"00 : 27 : 01",23.93341250000000, 
"00 : 27 : 01",23.93375390000000, 
"00 : 27 : 03",23.93712800000000, 
"00 : 27 : 04",23.96035000000000, 
"00 : 27 : 05",23.96744910000000, 
"00 : 27 : 06",23.95457070000000, 
"00 : 27 : 07",23.96548840000000, 
"00 : 27 : 08",23.98587600000000, 
"00 : 27 : 09",24.01930040000000, 
"00 : 27 : 10",24.04858770000000, 
"00 : 27 : 11",24.04660980000000, 
"00 : 27 : 12",23.97813410000000, 
"00 : 27 : 13",23.96430960000000, 
"00 : 27 : 14",23.95225710000000, 
"00 : 27 : 15",23.93385310000000, 
"00 : 27 : 16",23.90910720000000, 
"00 : 27 : 17",23.91503330000000, 
"00 : 27 : 18",23.93299860000000, 
"00 : 27 : 19",23.91732020000000, 
"00 : 27 : 20",23.92172430000000, 
"00 : 27 : 21",23.92579070000000, 
"00 : 27 : 22",23.93875880000000, 
"00 : 27 : 23",23.95207400000000, 
"00 : 27 : 24",23.96356390000000, 
"00 : 27 : 25",23.95903390000000, 
"00 : 27 : 26",23.94580650000000, 
"00 : 27 : 27",23.95883170000000, 
"00 : 27 : 28",23.95531080000000, 
"00 : 27 : 29",23.95195770000000, 
"00 : 27 : 30",23.97433660000000, 
"00 : 27 : 31",23.96942900000000, 
"00 : 27 : 32",23.97055430000000, 
"00 : 27 : 33",23.95831100000000, 
"00 : 27 : 34",23.95820420000000, 
"00 : 27 : 35",23.95017430000000, 
"00 : 27 : 36",23.94816010000000, 
"00 : 27 : 37",23.94870370000000, 
"00 : 27 : 38",23.93757430000000, 
"00 : 27 : 39",23.94577590000000, 
"00 : 27 : 40",23.94426340000000, 
"00 : 27 : 41",23.94568440000000, 
"00 : 27 : 42",23.95206260000000, 
"00 : 27 : 43",23.94394490000000, 
"00 : 27 : 44",23.94326400000000, 
"00 : 27 : 45",23.94296640000000, 
"00 : 27 : 46",23.93158530000000, 
"00 : 27 : 47",23.94677920000000, 
"00 : 27 : 48",23.94704430000000, 
"00 : 27 : 49",23.94956010000000, 
"00 : 27 : 50",23.95723910000000, 
"00 : 27 : 51",23.94785690000000, 
"00 : 27 : 52",23.95305440000000, 
"00 : 27 : 53",23.94508930000000, 
"00 : 27 : 54",23.94745440000000, 
"00 : 27 : 55",23.95526690000000, 
"00 : 27 : 56",23.96631240000000, 
"00 : 27 : 57",23.95886230000000, 
"00 : 27 : 58",23.96641540000000, 
"00 : 27 : 59",23.96421430000000, 
"00 : 28 : 00",23.96230690000000, 
"00 : 28 : 01",23.96657940000000, 
"00 : 28 : 02",23.97142790000000, 
"00 : 28 : 03",23.96546930000000, 
"00 : 28 : 04",23.96863550000000, 
"00 : 28 : 05",23.96667280000000, 
"00 : 28 : 06",23.97276300000000, 
"00 : 28 : 07",23.98290440000000, 
"00 : 28 : 08",23.99479100000000, 
"00 : 28 : 09",23.98409080000000, 
"00 : 28 : 10",23.98117250000000, 
"00 : 28 : 11",23.97015380000000, 
"00 : 28 : 12",23.96349140000000, 
"00 : 28 : 13",23.95609090000000, 
"00 : 28 : 14",23.95767970000000, 
"00 : 28 : 15",23.95278350000000, 
"00 : 28 : 16",23.96586600000000, 
"00 : 28 : 17",23.95761870000000, 
"00 : 28 : 18",23.96573060000000, 
"00 : 28 : 19",23.95852270000000, 
"00 : 28 : 20",23.96397780000000, 
"00 : 28 : 21",23.97252460000000, 
"00 : 28 : 22",23.97851370000000, 
"00 : 28 : 23",23.97352790000000, 
"00 : 28 : 24",23.99553870000000, 
"00 : 28 : 25",23.99661630000000, 
"00 : 28 : 26",23.99229040000000, 
"00 : 28 : 27",23.99223510000000, 
"00 : 28 : 28",24.02792730000000, 
"00 : 28 : 29",24.04951850000000, 
"00 : 28 : 30",24.05572120000000, 
"00 : 28 : 31",24.03665920000000, 
"00 : 28 : 32",24.04409210000000, 
"00 : 28 : 33",24.04197500000000, 
"00 : 28 : 34",24.04781340000000, 
"00 : 28 : 35",24.05810730000000, 
"00 : 28 : 36",24.06588550000000, 
"00 : 28 : 37",24.04423520000000, 
"00 : 28 : 38",24.03863330000000, 
"00 : 28 : 39",24.04777330000000, 
"00 : 28 : 40",24.06041710000000, 
"00 : 28 : 41",24.07658950000000, 
"00 : 28 : 42",24.07727810000000, 
"00 : 28 : 43",24.06892390000000, 
"00 : 28 : 44",24.05054850000000, 
"00 : 28 : 45",24.06574820000000, 
"00 : 28 : 46",24.06465720000000, 
"00 : 28 : 47",24.06590840000000, 
"00 : 28 : 48",24.07506750000000, 
"00 : 28 : 49",24.08096690000000, 
"00 : 28 : 50",24.08461570000000, 
"00 : 28 : 51",24.07633780000000, 
"00 : 28 : 52",24.05303000000000, 
"00 : 28 : 53",24.02669520000000, 
"00 : 28 : 54",24.01762390000000, 
"00 : 28 : 55",24.02525900000000, 
"00 : 28 : 56",24.00764650000000, 
"00 : 28 : 57",23.99155990000000, 
"00 : 28 : 58",23.97893710000000, 
"00 : 28 : 59",23.98280710000000, 
"00 : 29 : 00",23.97455020000000, 
"00 : 29 : 01",23.99380870000000, 
"00 : 29 : 02",24.00742720000000, 
"00 : 29 : 03",24.01546090000000, 
"00 : 29 : 04",24.01879690000000, 
"00 : 29 : 05",24.00854870000000, 
"00 : 29 : 06",23.98873710000000, 
"00 : 29 : 07",23.97900190000000, 
"00 : 29 : 08",23.97981830000000, 
"00 : 29 : 09",23.97814550000000, 
"00 : 29 : 10",23.97073550000000, 
"00 : 29 : 11",23.95124050000000, 
"00 : 29 : 12",23.94219970000000, 
"00 : 29 : 13",23.93014140000000, 
"00 : 29 : 14",23.93482010000000, 
"00 : 29 : 15",23.94496720000000, 
"00 : 29 : 16",23.96384040000000, 
"00 : 29 : 17",23.92239950000000, 
"00 : 29 : 18",23.89557450000000, 
"00 : 29 : 19",23.87202260000000, 
"00 : 29 : 20",23.84776680000000, 
"00 : 29 : 21",23.85096930000000, 
"00 : 29 : 22",23.84853930000000, 
"00 : 29 : 23",23.84986490000000, 
"00 : 29 : 24",23.86497300000000, 
"00 : 29 : 25",23.86726570000000, 
"00 : 29 : 26",23.86984250000000, 
"00 : 29 : 27",23.86016650000000, 
"00 : 29 : 28",23.86219020000000, 
"00 : 29 : 29",23.85782810000000, 
"00 : 29 : 30",23.86496920000000, 
"00 : 29 : 31",23.86726370000000, 
"00 : 29 : 32",23.85944930000000, 
"00 : 29 : 33",23.85120390000000, 
"00 : 29 : 34",23.85614010000000, 
"00 : 29 : 35",23.84834860000000, 
"00 : 29 : 36",23.83145900000000, 
"00 : 29 : 37",23.81499090000000, 
"00 : 29 : 38",23.82200240000000, 
"00 : 29 : 39",23.82404130000000, 
"00 : 29 : 40",23.81735420000000, 
"00 : 29 : 41",23.82034680000000, 
"00 : 29 : 42",23.82869720000000, 
"00 : 29 : 43",23.82122420000000, 
"00 : 29 : 44",23.80982780000000, 
"00 : 29 : 45",23.81842990000000, 
"00 : 29 : 46",23.81174080000000, 
"00 : 29 : 47",23.82365410000000, 
"00 : 29 : 48",23.81355660000000, 
"00 : 29 : 49",23.80880350000000, 
"00 : 29 : 50",23.80200760000000, 
"00 : 29 : 51",23.79369540000000, 
"00 : 29 : 52",23.81583400000000, 
"00 : 29 : 53",23.81642150000000, 
"00 : 29 : 54",23.81431000000000, 
"00 : 29 : 55",23.82464980000000, 
"00 : 29 : 56",23.84423060000000, 
"00 : 29 : 57",23.86213870000000, 
"00 : 29 : 58",23.87652960000000, 
"00 : 29 : 59",23.87890050000000, 
"00 : 30 : 00",23.86327930000000, 
"00 : 30 : 01",23.86137770000000, 
"00 : 30 : 02",23.84929460000000, 
"00 : 30 : 03",23.84741400000000, 
"00 : 30 : 04",23.86371040000000, 
"00 : 30 : 05",23.84889220000000, 
"00 : 30 : 06",23.84925460000000, 
"00 : 30 : 07",23.84801290000000, 
"00 : 30 : 08",23.84643550000000, 
"00 : 30 : 09",23.83472060000000, 
"00 : 30 : 10",23.82090180000000, 
"00 : 30 : 11",23.83145900000000, 
"00 : 30 : 12",23.82080840000000, 
"00 : 30 : 13",23.82716170000000, 
"00 : 30 : 14",23.86063000000000, 
"00 : 30 : 15",23.85400000000000, 
"00 : 30 : 16",23.86776160000000, 
"00 : 30 : 17",23.87998960000000, 
"00 : 30 : 18",23.86734390000000, 
"00 : 30 : 19",23.87255660000000, 
"00 : 30 : 20",23.86549750000000, 
"00 : 30 : 21",23.87736700000000, 
"00 : 30 : 22",23.86347960000000, 
"00 : 30 : 23",23.85333630000000, 
"00 : 30 : 24",23.85522070000000, 
"00 : 30 : 25",23.85685720000000, 
"00 : 30 : 26",23.87619590000000, 
"00 : 30 : 27",23.84663000000000, 
"00 : 30 : 28",23.84372130000000, 
"00 : 30 : 29",23.84334180000000, 
"00 : 30 : 30",23.85253710000000, 
"00 : 30 : 31",23.85694880000000, 
"00 : 30 : 32",23.87714000000000, 
"00 : 30 : 33",23.86269760000000, 
"00 : 30 : 34",23.85941120000000, 
"00 : 30 : 35",23.85436820000000, 
"00 : 30 : 36",23.84538650000000, 
"00 : 30 : 37",23.86655610000000, 
"00 : 30 : 38",23.84545510000000, 
"00 : 30 : 39",23.84334750000000, 
"00 : 30 : 40",23.86724090000000, 
"00 : 30 : 41",23.86644550000000, 
"00 : 30 : 42",23.87203590000000, 
"00 : 30 : 43",23.86573600000000, 
"00 : 30 : 44",23.86577030000000, 
"00 : 30 : 45",23.86664580000000, 
"00 : 30 : 46",23.89652440000000, 
"00 : 30 : 47",23.91127580000000, 
"00 : 30 : 48",23.92331500000000, 
"00 : 30 : 49",23.92601580000000, 
"00 : 30 : 50",23.95463180000000, 
"00 : 30 : 51",23.97471610000000, 
"00 : 30 : 52",23.96554180000000, 
"00 : 30 : 53",23.94391250000000, 
"00 : 30 : 54",23.94643590000000, 
"00 : 30 : 55",23.96080390000000, 
"00 : 30 : 56",23.98628990000000, 
"00 : 30 : 57",23.99155800000000, 
"00 : 30 : 58",24.00491900000000, 
"00 : 30 : 59",23.97277450000000, 
"00 : 31 : 00",23.93364330000000, 
"00 : 31 : 01",23.92034720000000, 
"00 : 31 : 02",23.90262790000000, 
"00 : 31 : 03",23.91289520000000, 
"00 : 31 : 04",23.92125510000000, 
"00 : 31 : 05",23.91116140000000, 
"00 : 31 : 06",23.87448690000000, 
"00 : 31 : 07",23.85259050000000, 
"00 : 31 : 08",23.84913440000000, 
"00 : 31 : 09",23.87762830000000, 
"00 : 31 : 10",23.89649390000000, 
"00 : 31 : 11",23.86071960000000, 
"00 : 31 : 12",23.83514210000000, 
"00 : 31 : 13",23.83554260000000, 
"00 : 31 : 14",23.91592210000000, 
"00 : 31 : 15",23.97263710000000, 
"00 : 31 : 16",23.99307440000000, 
"00 : 31 : 17",24.00464630000000, 
"00 : 31 : 18",24.01181790000000, 
"00 : 31 : 19",24.00020980000000, 
"00 : 31 : 20",23.98334310000000, 
"00 : 31 : 22",23.93111220000000, 
"00 : 31 : 22",23.90162080000000, 
"00 : 31 : 23",23.88275710000000, 
"00 : 31 : 24",23.88614650000000, 
"00 : 31 : 25",23.90351480000000, 
"00 : 31 : 26",23.90511320000000, 
"00 : 31 : 27",23.90782730000000, 
"00 : 31 : 28",23.90582840000000, 
"00 : 31 : 29",23.89440150000000, 
"00 : 31 : 30",23.89105220000000, 
"00 : 31 : 31",23.89426990000000, 
"00 : 31 : 32",23.89256850000000, 
"00 : 31 : 33",23.90670960000000, 
"00 : 31 : 35",23.91845510000000, 
"00 : 31 : 35",23.90147010000000, 
"00 : 31 : 36",23.90560150000000, 
"00 : 31 : 37",23.95684240000000, 
"00 : 31 : 38",23.97538940000000, 
"00 : 31 : 39",23.99690240000000, 
"00 : 31 : 40",24.00273320000000, 
"00 : 31 : 41",24.00870320000000, 
"00 : 31 : 42",24.01252930000000, 
"00 : 31 : 43",24.01224890000000, 
"00 : 31 : 44",24.00350180000000, 
"00 : 31 : 45",24.00655550000000, 
"00 : 31 : 46",24.01995840000000, 
"00 : 31 : 48",24.02490230000000, 
"00 : 31 : 49",24.03174590000000, 
"00 : 31 : 49",24.04311940000000, 
"00 : 31 : 51",24.02880850000000, 
"00 : 31 : 51",24.02836600000000, 
"00 : 31 : 52",24.02497290000000, 
"00 : 31 : 54",24.01905820000000, 
"00 : 31 : 54",24.01665300000000, 
"00 : 31 : 55",24.00156210000000, 
"00 : 31 : 56",23.99012560000000, 
"00 : 31 : 57",23.99061580000000, 
"00 : 31 : 58",23.98855780000000, 
"00 : 31 : 59",23.99237440000000, 
"00 : 32 : 01",24.00084870000000, 
"00 : 32 : 01",23.99620240000000, 
"00 : 32 : 02",23.99542230000000, 
"00 : 32 : 04",23.98200220000000, 
"00 : 32 : 04",23.97059050000000, 
"00 : 32 : 06",23.95405000000000, 
"00 : 32 : 07",23.97720520000000, 
"00 : 32 : 07",23.96894070000000, 
"00 : 32 : 08",23.96705620000000, 
"00 : 32 : 09",23.96317670000000, 
"00 : 32 : 10",23.95342250000000, 
"00 : 32 : 11",23.90614310000000, 
"00 : 32 : 13",23.86858170000000, 
"00 : 32 : 14",23.86147300000000, 
"00 : 32 : 15",23.85935780000000, 
"00 : 32 : 16",23.88303370000000, 
"00 : 32 : 17",23.90998450000000, 
"00 : 32 : 18",23.94689170000000, 
"00 : 32 : 19",24.01325980000000, 
"00 : 32 : 20",24.00524900000000, 
"00 : 32 : 21",23.96209710000000, 
"00 : 32 : 22",23.94418140000000, 
"00 : 32 : 23",23.91949460000000, 
"00 : 32 : 24",23.90700910000000, 
"00 : 32 : 25",23.90583030000000, 
"00 : 32 : 26",23.91747280000000, 
"00 : 32 : 27",23.94531250000000, 
"00 : 32 : 28",23.93476290000000, 
"00 : 32 : 29",23.92086980000000, 
"00 : 32 : 30",23.91210360000000, 
"00 : 32 : 31",23.90783880000000, 
"00 : 32 : 32",23.89643280000000, 
"00 : 32 : 33",23.88837430000000, 
"00 : 32 : 34",23.87699120000000, 
"00 : 32 : 35",23.86735910000000, 
"00 : 32 : 36",23.86170380000000, 
"00 : 32 : 37",23.87569610000000, 
"00 : 32 : 38",23.89352980000000, 
"00 : 32 : 39",23.90065380000000, 
"00 : 32 : 40",23.88458060000000, 
"00 : 32 : 41",23.87829390000000, 
"00 : 32 : 42",23.84898560000000, 
"00 : 32 : 43",23.84141920000000, 
"00 : 32 : 44",23.83492660000000, 
"00 : 32 : 45",23.83420370000000, 
"00 : 32 : 46",23.83437530000000, 
"00 : 32 : 47",23.83495710000000, 
"00 : 32 : 48",23.84692190000000, 
"00 : 32 : 49",23.86199950000000, 
"00 : 32 : 50",23.86127660000000, 
"00 : 32 : 51",23.87579910000000, 
"00 : 32 : 52",23.90907470000000, 
"00 : 32 : 53",23.91234770000000, 
"00 : 32 : 54",23.92947570000000, 
"00 : 32 : 55",23.93561170000000, 
"00 : 32 : 56",23.92596810000000, 
"00 : 32 : 57",23.92050170000000, 
"00 : 32 : 58",23.93106260000000, 
"00 : 32 : 59",23.93666070000000, 
"00 : 33 : 00",23.91157720000000, 
"00 : 33 : 01",23.90894690000000, 
"00 : 33 : 02",23.90032190000000, 
"00 : 33 : 03",23.89946550000000, 
"00 : 33 : 04",23.93220900000000, 
"00 : 33 : 05",23.93523020000000, 
"00 : 33 : 06",23.94402880000000, 
"00 : 33 : 07",23.96857450000000, 
"00 : 33 : 08",23.95310210000000, 
"00 : 33 : 09",23.95302580000000, 
"00 : 33 : 10",23.96172330000000, 
"00 : 33 : 11",23.95804210000000, 
"00 : 33 : 12",23.95592110000000, 
"00 : 33 : 13",23.95632550000000, 
"00 : 33 : 14",23.93362420000000, 
"00 : 33 : 15",23.93869400000000, 
"00 : 33 : 16",23.95097730000000, 
"00 : 33 : 17",23.95481100000000, 
"00 : 33 : 18",23.95162960000000, 
"00 : 33 : 19",23.97038450000000, 
"00 : 33 : 20",23.97221940000000, 
"00 : 33 : 21",23.96850770000000, 
"00 : 33 : 22",23.97187040000000, 
"00 : 33 : 23",23.95812980000000, 
"00 : 33 : 24",23.96697040000000, 
"00 : 33 : 25",23.97913160000000, 
"00 : 33 : 26",24.00280950000000, 
"00 : 33 : 27",24.01599500000000, 
"00 : 33 : 28",23.98560900000000, 
"00 : 33 : 29",23.97386550000000, 
"00 : 33 : 30",23.96169090000000, 
"00 : 33 : 31",23.95343200000000, 
"00 : 33 : 32",23.95050230000000, 
"00 : 33 : 33",23.95075030000000, 
"00 : 33 : 34",23.94849770000000, 
"00 : 33 : 35",23.94190400000000, 
"00 : 33 : 36",23.93796530000000, 
"00 : 33 : 37",23.96863170000000, 
"00 : 33 : 38",23.96505350000000, 
"00 : 33 : 39",23.94477270000000, 
"00 : 33 : 40",23.93751900000000, 
"00 : 33 : 41",23.95096770000000, 
"00 : 33 : 42",23.93721190000000, 
"00 : 33 : 43",23.94445990000000, 
"00 : 33 : 44",23.94597050000000, 
"00 : 33 : 45",23.94934080000000, 
"00 : 33 : 46",23.96334450000000, 
"00 : 33 : 47",23.94989390000000, 
"00 : 33 : 48",23.93924900000000, 
"00 : 33 : 49",23.92761610000000, 
"00 : 33 : 50",23.91306110000000, 
"00 : 33 : 51",23.90440550000000, 
"00 : 33 : 52",23.90207860000000, 
"00 : 33 : 53",23.87325470000000, 
"00 : 33 : 54",23.94292060000000, 
"00 : 33 : 55",24.01843450000000, 
"00 : 33 : 56",24.01200670000000, 
"00 : 33 : 57",24.02177610000000, 
"00 : 33 : 58",24.03504750000000, 
"00 : 33 : 59",23.98152350000000, 
"00 : 34 : 00",23.95279500000000, 
"00 : 34 : 01",23.91392510000000, 
"00 : 34 : 02",23.88197700000000, 
"00 : 34 : 03",23.87565800000000, 
"00 : 34 : 04",23.87891760000000, 
"00 : 34 : 05",23.88658520000000, 
"00 : 34 : 06",23.87390320000000, 
"00 : 34 : 07",23.87245360000000, 
"00 : 34 : 08",23.85775940000000, 
"00 : 34 : 09",23.85320090000000, 
"00 : 34 : 10",23.86668960000000, 
"00 : 34 : 11",23.87135500000000, 
"00 : 34 : 12",23.88472930000000, 
"00 : 34 : 13",23.91255950000000, 
"00 : 34 : 14",23.88630670000000, 
"00 : 34 : 15",23.88909530000000, 
"00 : 34 : 16",23.90589710000000, 
"00 : 34 : 17",23.88094320000000, 
"00 : 34 : 18",23.87939070000000, 
"00 : 34 : 19",23.88526910000000, 
"00 : 34 : 20",23.87978550000000, 
"00 : 34 : 21",23.86414330000000, 
"00 : 34 : 22",23.86610220000000, 
"00 : 34 : 23",23.87249370000000, 
"00 : 34 : 24",23.87605090000000, 
"00 : 34 : 25",23.89023780000000, 
"00 : 34 : 26",23.88058470000000, 
"00 : 34 : 27",23.87178610000000, 
"00 : 34 : 28",23.86559670000000, 
"00 : 34 : 29",23.85821530000000, 
"00 : 34 : 30",23.85180850000000, 
"00 : 34 : 31",23.86330600000000, 
"00 : 34 : 32",23.88502690000000, 
"00 : 34 : 33",23.90698620000000, 
"00 : 34 : 34",23.91081230000000, 
"00 : 34 : 35",23.92116160000000, 
"00 : 34 : 36",23.92524330000000, 
"00 : 34 : 37",23.92921440000000, 
"00 : 34 : 38",23.93566510000000, 
"00 : 34 : 39",23.94685550000000, 
"00 : 34 : 40",23.93729590000000, 
"00 : 34 : 41",23.95745080000000, 
"00 : 34 : 42",23.96896740000000, 
"00 : 34 : 43",23.95913690000000, 
"00 : 34 : 44",23.94989960000000, 
"00 : 34 : 45",23.95482440000000, 
"00 : 34 : 46",23.95653150000000, 
"00 : 34 : 47",23.96822350000000, 
"00 : 34 : 48",23.97211450000000, 
"00 : 34 : 49",23.97467420000000, 
"00 : 34 : 50",23.96699330000000, 
"00 : 34 : 51",23.96600530000000, 
"00 : 34 : 52",23.96616170000000, 
"00 : 34 : 53",23.96576490000000, 
"00 : 34 : 54",23.95541190000000, 
"00 : 34 : 55",23.94828980000000, 
"00 : 34 : 56",23.94062040000000, 
"00 : 34 : 57",23.93233290000000, 
"00 : 34 : 58",23.92226600000000, 
"00 : 34 : 59",23.92211530000000, 
"00 : 35 : 00",23.95184130000000, 
"00 : 35 : 01",23.94113150000000, 
"00 : 35 : 02",23.94137950000000, 
"00 : 35 : 03",23.96478840000000, 
"00 : 35 : 04",23.96793550000000, 
"00 : 35 : 05",23.96792790000000, 
"00 : 35 : 06",23.96855350000000, 
"00 : 35 : 07",23.96440500000000, 
"00 : 35 : 08",23.96838560000000, 
"00 : 35 : 09",23.96722030000000, 
"00 : 35 : 10",23.97468180000000, 
"00 : 35 : 11",23.96482080000000, 
"00 : 35 : 12",23.97428890000000, 
"00 : 35 : 13",23.98453520000000, 
"00 : 35 : 14",23.99934950000000, 
"00 : 35 : 15",24.01884840000000, 
"00 : 35 : 16",24.01906580000000, 
"00 : 35 : 17",24.03493110000000, 
"00 : 35 : 18",24.03199190000000, 
"00 : 35 : 19",24.03940580000000, 
"00 : 35 : 20",24.06805990000000, 
"00 : 35 : 21",24.06226340000000, 
"00 : 35 : 22",24.06307220000000, 
"00 : 35 : 23",24.07351680000000, 
"00 : 35 : 24",24.08085630000000, 
"00 : 35 : 25",24.09271240000000, 
"00 : 35 : 26",24.10441970000000, 
"00 : 35 : 27",24.12083050000000, 
"00 : 35 : 28",24.12628170000000, 
"00 : 35 : 29",24.13613120000000, 
"00 : 35 : 30",24.14548680000000, 
"00 : 35 : 31",24.12922280000000, 
"00 : 35 : 32",24.12760350000000, 
"00 : 35 : 33",24.12572280000000, 
"00 : 35 : 34",24.12424850000000, 
"00 : 35 : 35",24.13779060000000, 
"00 : 35 : 36",24.14679330000000, 
"00 : 35 : 37",24.14867590000000, 
"00 : 35 : 38",24.13818160000000, 
"00 : 35 : 39",24.14410970000000, 
"00 : 35 : 40",24.14584540000000, 
"00 : 35 : 41",24.15021130000000, 
"00 : 35 : 42",24.14046660000000, 
"00 : 35 : 43",24.15162840000000, 
"00 : 35 : 44",24.14591020000000, 
"00 : 35 : 45",24.13800230000000, 
"00 : 35 : 46",24.13346860000000, 
"00 : 35 : 47",24.12698170000000, 
"00 : 35 : 48",24.13269230000000, 
"00 : 35 : 49",24.13956830000000, 
"00 : 35 : 50",24.14053340000000, 
"00 : 35 : 51",24.14984700000000, 
"00 : 35 : 52",24.16170120000000, 
"00 : 35 : 53",24.16194530000000, 
"00 : 35 : 54",24.15501590000000, 
"00 : 35 : 55",24.14212220000000, 
"00 : 35 : 56",24.14000890000000, 
"00 : 35 : 57",24.13819880000000, 
"00 : 35 : 58",24.14758680000000, 
"00 : 35 : 59",24.16254230000000, 
"00 : 36 : 00",24.15489760000000, 
"00 : 36 : 01",24.14531130000000, 
"00 : 36 : 02",24.14720150000000, 
"00 : 36 : 03",24.11801910000000, 
"00 : 36 : 04",24.12974350000000, 
"00 : 36 : 05",24.10787390000000, 
"00 : 36 : 06",24.09456820000000, 
"00 : 36 : 07",24.10173030000000, 
"00 : 36 : 08",24.10515590000000, 
"00 : 36 : 09",24.09534640000000, 
"00 : 36 : 10",24.10239020000000, 
"00 : 36 : 11",24.10013960000000, 
"00 : 36 : 12",24.08043090000000, 
"00 : 36 : 13",24.05043410000000, 
"00 : 36 : 14",24.03677940000000, 
"00 : 36 : 15",24.02683440000000, 
"00 : 36 : 16",24.01591110000000, 
"00 : 36 : 18",24.00541110000000, 
"00 : 36 : 18",23.99232670000000, 
"00 : 36 : 19",23.97321890000000, 
"00 : 36 : 20",23.97444530000000, 
"00 : 36 : 21",23.97599220000000, 
"00 : 36 : 22",23.99407000000000, 
"00 : 36 : 23",24.05352400000000, 
"00 : 36 : 24",24.05163190000000, 
"00 : 36 : 25",24.04525180000000, 
"00 : 36 : 26",24.03390500000000, 
"00 : 36 : 27",24.02059740000000, 
"00 : 36 : 28",24.00705330000000, 
"00 : 36 : 29",24.01090430000000, 
"00 : 36 : 31",24.02033800000000, 
"00 : 36 : 31",24.02768320000000, 
"00 : 36 : 32",24.03321830000000, 
"00 : 36 : 33",24.04349700000000, 
"00 : 36 : 34",24.05383300000000, 
"00 : 36 : 35",24.05240630000000, 
"00 : 36 : 36",24.04488370000000, 
"00 : 36 : 37",24.03641890000000, 
"00 : 36 : 38",24.04135700000000, 
"00 : 36 : 39",24.04050060000000, 
"00 : 36 : 40",24.03428450000000, 
"00 : 36 : 41",24.04599180000000, 
"00 : 36 : 42",24.05086320000000, 
"00 : 36 : 44",24.04878230000000, 
"00 : 36 : 44",24.05496970000000, 
"00 : 36 : 45",24.06487650000000, 
"00 : 36 : 46",24.04865260000000, 
"00 : 36 : 47",24.03496550000000, 
"00 : 36 : 48",24.01834290000000, 
"00 : 36 : 49",24.02794450000000, 
"00 : 36 : 50",24.03943250000000, 
"00 : 36 : 51",24.04886620000000, 
"00 : 36 : 52",24.04668610000000, 
"00 : 36 : 53",24.04587740000000, 
"00 : 36 : 54",24.05207060000000, 
"00 : 36 : 55",24.04304690000000, 
"00 : 36 : 57",24.06193160000000, 
"00 : 36 : 57",24.05764000000000, 
"00 : 36 : 58",24.04508590000000, 
"00 : 37 : 00",24.01027670000000, 
"00 : 37 : 00",24.00480650000000, 
"00 : 37 : 01",24.03155130000000, 
"00 : 37 : 02",24.03697390000000, 
"00 : 37 : 03",24.02282900000000, 
"00 : 37 : 04",24.01331710000000, 
"00 : 37 : 05",24.01677130000000, 
"00 : 37 : 06",24.02562330000000, 
"00 : 37 : 07",24.03559680000000, 
"00 : 37 : 08",24.05165670000000, 
"00 : 37 : 10",24.02049630000000, 
"00 : 37 : 10",24.03887740000000, 
"00 : 37 : 11",24.06571960000000, 
"00 : 37 : 13",24.05401030000000, 
"00 : 37 : 13",24.02815240000000, 
"00 : 37 : 14",23.99859610000000, 
"00 : 37 : 16",23.97165480000000, 
"00 : 37 : 16",23.97692480000000, 
"00 : 37 : 17",23.96646880000000, 
"00 : 37 : 18",23.97138400000000, 
"00 : 37 : 19",24.00436210000000, 
"00 : 37 : 20",24.01173400000000, 
"00 : 37 : 21",24.01984400000000, 
"00 : 37 : 23",24.02822300000000, 
"00 : 37 : 24",24.03416060000000, 
"00 : 37 : 25",24.04485130000000, 
"00 : 37 : 26",24.04062270000000, 
"00 : 37 : 27",24.06366920000000, 
"00 : 37 : 28",24.02814100000000, 
"00 : 37 : 29",24.01369090000000, 
"00 : 37 : 30",24.01002690000000, 
"00 : 37 : 31",23.99931330000000, 
"00 : 37 : 32",24.00358580000000, 
"00 : 37 : 33",24.00050730000000, 
"00 : 37 : 34",23.99950400000000, 
"00 : 37 : 35",24.00051870000000, 
"00 : 37 : 36",24.00753210000000, 
"00 : 37 : 37",24.00093460000000, 
"00 : 37 : 38",24.00973120000000, 
"00 : 37 : 39",24.01444240000000, 
"00 : 37 : 40",24.01065440000000, 
"00 : 37 : 41",24.01780120000000, 
"00 : 37 : 42",24.03329840000000, 
"00 : 37 : 43",24.07158080000000, 
"00 : 37 : 44",24.07522580000000, 
"00 : 37 : 45",24.07210730000000, 
"00 : 37 : 46",24.09581370000000, 
"00 : 37 : 47",24.09036820000000, 
"00 : 37 : 48",24.07946960000000, 
"00 : 37 : 49",24.06868170000000, 
"00 : 37 : 50",24.07798380000000, 
"00 : 37 : 51",24.07878300000000, 
"00 : 37 : 52",24.07601540000000, 
"00 : 37 : 53",24.09033960000000, 
"00 : 37 : 54",24.07378950000000, 
"00 : 37 : 55",24.09433550000000, 
